,business_id,name,address,city,state,postal_code,latitude,longitude,stars,review_count,is_open,attributes,categories,monday,tuesday,wednesday,thursday,friday,saturday,sunday,category_analized
1,"ZfWVso8VlT0VN14rxVHccQ","Candida's Pizza","35 E Butler Ave","Ambler","PA","19002",40.154294,-75.2229125,2.5,22,false,"""BusinessAcceptsCreditCards"":""True"",""GoodForKids"":""True"",""RestaurantsPriceRange2"":""1"",""RestaurantsReservations"":""False"",""Alcohol"":""u'none'"",""HasTV"":""True"",""RestaurantsDelivery"":""True"",""RestaurantsGoodForGroups"":""True"",""RestaurantsTakeOut"":""True"",""BusinessParking"":""{'garage': False, 'street': True, 'validated': False, 'lot': False, 'valet': False}"",""OutdoorSeating"":""False"",""Caters"":""True"",""Ambience"":""{'romantic': False, 'intimate': False, 'classy': False, 'hipster': False, 'divey': False, 'touristy': False, 'trendy': False, 'upscale': False, 'casual': False}"",""WiFi"":""u'free'"",""RestaurantsAttire"":""u'casual'"",""NoiseLevel"":""u'average'"",""BikeParking"":""False""}","Restaurants, Pizza, Fast Food","11:0-22:0  ","11:0-22:0  ","11:0-22:0  ","11:0-22:0  ","11:0-23:0  ","11:0-23:0  ","12:0-22:0  ","Restaurants"
2,"KIph7iH97vnDrgcdaqEMFQ","Golden House","172 E Butler Ave","Ambler","PA","19002",40.155461,-75.2193272,3,16,true,"""NoiseLevel"":""u'average'"",""RestaurantsAttire"":""u'casual'"",""BusinessAcceptsCreditCards"":""True"",""Caters"":""False"",""OutdoorSeating"":""False"",""RestaurantsDelivery"":""True"",""BikeParking"":""False"",""Alcohol"":""u'none'"",""HasTV"":""True"",""RestaurantsReservations"":""False"",""RestaurantsGoodForGroups"":""True"",""RestaurantsPriceRange2"":""1"",""GoodForKids"":""True"",""RestaurantsTakeOut"":""True"",""BusinessParking"":""{'garage': False, 'street': False, 'validated': False, 'lot': True, 'valet': False}"",""Ambience"":""{'touristy': None, 'hipster': False, 'romantic': False, 'divey': None, 'intimate': False, 'trendy': False, 'upscale': False, 'classy': False, 'casual': None}""}","Restaurants, Chinese","11:0-22:0  ","11:0-22:0  ","11:0-22:0  ","11:0-22:0  ","11:0-23:0  ","11:0-23:0  ","12:0-22:0  ","Restaurants"
3,"zhdJZc19FDnARtn_r9WDjA","Wawa","1139 Horsham Rd","Ambler","PA","19002",40.211003,-75.185167,3,10,true,"""BusinessParking"":""None"",""BusinessAcceptsCreditCards"":""True"",""RestaurantsTakeOut"":""True"",""BikeParking"":""False"",""RestaurantsPriceRange2"":""1"",""Caters"":""False"",""RestaurantsDelivery"":""True""}","Food, Sandwiches, Gas Stations, Convenience Stores, Restaurants, Automotive, Coffee & Tea","0:0-0:0    ","0:0-0:0    ","0:0-0:0    ","0:0-0:0    ","0:0-0:0    ","0:0-0:0    ","0:0-0:0    ","Restaurants"
4,"zZNFMQrCQ9GHXXT9D9BgEQ","SweetBriar Cafe","11 Lindenwold Ave","Ambler","PA","19002",40.1560707092,-75.2197113037,3.5,100,true,"""RestaurantsDelivery"":""False"",""BusinessParking"":""{'garage': False, 'street': True, 'validated': False, 'lot': False, 'valet': False}"",""WiFi"":""u'free'"",""RestaurantsTakeOut"":""True"",""RestaurantsReservations"":""False"",""RestaurantsPriceRange2"":""1"",""OutdoorSeating"":""True"",""BusinessAcceptsCreditCards"":""True"",""BikeParking"":""True"",""NoiseLevel"":""u'average'"",""RestaurantsGoodForGroups"":""False"",""Caters"":""True"",""GoodForKids"":""True"",""Alcohol"":""u'none'"",""RestaurantsAttire"":""u'casual'"",""Ambience"":""{'romantic': False, 'intimate': False, 'classy': False, 'hipster': False, 'divey': False, 'touristy': False, 'trendy': False, 'upscale': False, 'casual': True}"",""GoodForMeal"":""{'dessert': False, 'latenight': False, 'lunch': False, 'dinner': False, 'brunch': True, 'breakfast': True}"",""HasTV"":""True""}","Hot Dogs, American (Traditional), Cafes, Burgers, Breakfast & Brunch, Restaurants, Food, Ice Cream & Frozen Yogurt","8:0-14:0   ","8:0-21:0   ","8:0-21:0   ","8:0-21:0   ","8:0-21:0   ","8:0-21:0   ","8:0-14:0   ","Restaurants"
5,"qD6EoM0lbEA-0tfPTO9qpw","Old School Burgers Ambler","242 E Butler Ave","Ambler","PA","19002",40.156424,-75.217911,4,28,true,"""BusinessAcceptsCreditCards"":""True"",""DogsAllowed"":""True"",""WheelchairAccessible"":""True"",""RestaurantsTakeOut"":""True"",""RestaurantsTableService"":""True"",""RestaurantsReservations"":""True"",""WiFi"":""u'free'"",""HasTV"":""True"",""BusinessParking"":""{'garage': False, 'street': True, 'validated': False, 'lot': True, 'valet': False}"",""RestaurantsDelivery"":""True"",""Ambience"":""{u'divey': None, u'hipster': None, u'casual': True, u'touristy': None, u'trendy': None, u'intimate': False, u'romantic': None, u'classy': False, u'upscale': False}"",""OutdoorSeating"":""True""}","Cheesesteaks, Hot Dogs, Restaurants, Burgers","11:0-20:0  ","11:0-20:0  ","11:0-20:0  ","11:0-20:0  ","11:0-21:0  ","11:0-21:0  ","12:0-20:0  ","Restaurants"
6,"-gJ3m24voBGR-8fS_hQN9A","Vida & Comida","131 East Butler Ave","Ambler","PA","19002",40.1551055897,-75.2208378303,4,62,false,"""BusinessAcceptsCreditCards"":""True"",""RestaurantsTakeOut"":""True"",""BikeParking"":""True"",""WiFi"":""u'free'"",""NoiseLevel"":""u'loud'"",""RestaurantsPriceRange2"":""3"",""GoodForMeal"":""{'dessert': False, 'latenight': False, 'lunch': False, 'dinner': False, 'brunch': False, 'breakfast': False}"",""Caters"":""True"",""RestaurantsGoodForGroups"":""True"",""GoodForKids"":""False"",""Alcohol"":""u'none'"",""DogsAllowed"":""False"",""BusinessAcceptsBitcoin"":""False"",""HasTV"":""False"",""BusinessParking"":""{'garage': False, 'street': True, 'validated': False, 'lot': False, 'valet': False}"",""Ambience"":""{'touristy': False, 'hipster': False, 'romantic': False, 'divey': False, 'intimate': False, 'trendy': False, 'upscale': False, 'classy': True, 'casual': False}"",""WheelchairAccessible"":""True"",""RestaurantsDelivery"":""True"",""RestaurantsAttire"":""'casual'"",""RestaurantsReservations"":""True"",""OutdoorSeating"":""False"",""RestaurantsTableService"":""True""}","Spanish, Restaurants, Tapas Bars","           ","           ","17:0-20:0  ","17:0-20:0  ","17:0-22:0  ","17:0-22:0  ","           ","Restaurants"
7,"Ko6WrkU-vUngOIJG_isrzA","Fireside Bar & Grille","1211 S Bethlehem Pike","Ambler","PA","19002",40.1582977,-75.2136062,3.5,133,true,"""OutdoorSeating"":""True"",""GoodForKids"":""True"",""RestaurantsGoodForGroups"":""True"",""Alcohol"":""u'full_bar'"",""RestaurantsDelivery"":""False"",""NoiseLevel"":""u'loud'"",""RestaurantsReservations"":""True"",""RestaurantsAttire"":""u'casual'"",""BikeParking"":""False"",""RestaurantsPriceRange2"":""2"",""RestaurantsTakeOut"":""True"",""HasTV"":""True"",""BusinessParking"":""{'garage': False, 'street': False, 'validated': False, 'lot': True, 'valet': True}"",""WiFi"":""u'free'"",""BusinessAcceptsCreditCards"":""True"",""Ambience"":""{'romantic': False, 'intimate': False, 'touristy': False, 'hipster': False, 'divey': False, 'classy': False, 'trendy': False, 'upscale': False, 'casual': True}"",""Caters"":""True"",""GoodForMeal"":""{'dessert': False, 'latenight': False, 'lunch': True, 'dinner': True, 'brunch': False, 'breakfast': False}"",""HappyHour"":""True""}","Diners, Pizza, Food, Restaurants, Steakhouses, Desserts, American (Traditional)","11:30-22:0 ","11:30-23:0 ","11:30-23:0 ","11:30-23:0 ","11:30-0:0  ","11:30-0:0  ","12:0-22:0  ","Restaurants"
8,"QHOim2XPDxt_752IDXvmrA","Dettera Wine Restaurant & Bar","129 E Butler Ave","Ambler","PA","19002",40.155152,-75.2210822,4,189,true,"""BusinessAcceptsCreditCards"":""True"",""Alcohol"":""u'full_bar'"",""RestaurantsReservations"":""True"",""GoodForKids"":""False"",""WiFi"":""u'free'"",""RestaurantsGoodForGroups"":""True"",""HasTV"":""True"",""RestaurantsAttire"":""u'casual'"",""OutdoorSeating"":""True"",""RestaurantsDelivery"":""False"",""RestaurantsTakeOut"":""True"",""Caters"":""True"",""RestaurantsPriceRange2"":""3"",""BusinessParking"":""{'garage': False, 'street': True, 'validated': False, 'lot': False, 'valet': True}"",""HappyHour"":""True"",""Ambience"":""{'touristy': False, 'hipster': False, 'romantic': False, 'divey': False, 'intimate': False, 'trendy': False, 'upscale': False, 'classy': True, 'casual': False}"",""RestaurantsTableService"":""True"",""BikeParking"":""True"",""WheelchairAccessible"":""True"",""GoodForMeal"":""{'dessert': False, 'latenight': False, 'lunch': False, 'dinner': True, 'brunch': False, 'breakfast': False}"",""Corkage"":""True"",""NoiseLevel"":""u'average'""}","Restaurants, American (New)","           ","16:0-22:0  ","16:0-22:0  ","16:0-22:0  ","16:0-23:0  ","16:0-23:0  ","           ","Restaurants"
9,"V5tCeElfEgLsWN78eJgKhA","Bridgets Steakhouse","8 W Butler Ave","Ambler","PA","19002",40.153803,-75.223898,4,215,true,"""Alcohol"":""u'full_bar'"",""HasTV"":""True"",""RestaurantsPriceRange2"":""3"",""NoiseLevel"":""u'average'"",""BusinessParking"":""{'garage': False, 'street': False, 'validated': False, 'lot': False, 'valet': True}"",""RestaurantsDelivery"":""False"",""RestaurantsGoodForGroups"":""True"",""Caters"":""True"",""GoodForKids"":""False"",""RestaurantsReservations"":""True"",""BikeParking"":""False"",""BusinessAcceptsCreditCards"":""True"",""RestaurantsAttire"":""u'casual'"",""BusinessAcceptsBitcoin"":""False"",""OutdoorSeating"":""False"",""DogsAllowed"":""False"",""RestaurantsTakeOut"":""True"",""RestaurantsTableService"":""True"",""WheelchairAccessible"":""True"",""Ambience"":""{'romantic': False, 'intimate': False, 'touristy': False, 'hipster': False, 'divey': False, 'classy': True, 'trendy': False, 'upscale': False, 'casual': False}"",""BYOB"":""False"",""WiFi"":""u'free'"",""GoodForMeal"":""{u'breakfast': False, u'brunch': False, u'lunch': None, u'dinner': True, u'latenight': False, u'dessert': None}"",""HappyHour"":""True""}","Restaurants, Steakhouses, Food, Desserts","17:0-21:0  ","17:0-22:0  ","17:0-22:0  ","17:0-22:0  ","17:0-23:0  ","17:0-23:0  ","17:0-21:0  ","Restaurants"
10,"0CPhgQAtXvxsmyFNJah16w","Gypsy Blu","34 E Butler Ave","Ambler","PA","19002",40.1539429,-75.2227004,3.5,176,true,"""HappyHour"":""True"",""RestaurantsTakeOut"":""True"",""BikeParking"":""False"",""HasTV"":""True"",""NoiseLevel"":""u'average'"",""Smoking"":""u'no'"",""RestaurantsPriceRange2"":""2"",""BestNights"":""{'monday': False, 'tuesday': False, 'friday': True, 'wednesday': False, 'thursday': False, 'sunday': False, 'saturday': True}"",""GoodForDancing"":""False"",""RestaurantsAttire"":""'casual'"",""GoodForMeal"":""{'dessert': False, 'latenight': False, 'lunch': False, 'dinner': True, 'brunch': False, 'breakfast': False}"",""RestaurantsDelivery"":""False"",""GoodForKids"":""True"",""WiFi"":""u'free'"",""BusinessParking"":""{'garage': False, 'street': True, 'validated': False, 'lot': False, 'valet': False}"",""OutdoorSeating"":""True"",""Music"":""{'dj': False, 'background_music': False, 'no_music': False, 'jukebox': False, 'live': True, 'video': False, 'karaoke': False}"",""RestaurantsGoodForGroups"":""True"",""ByAppointmentOnly"":""False"",""BusinessAcceptsCreditCards"":""True"",""Caters"":""True"",""RestaurantsReservations"":""False"",""Alcohol"":""u'full_bar'"",""CoatCheck"":""True"",""Corkage"":""False"",""Ambience"":""{'touristy': False, 'hipster': False, 'romantic': False, 'divey': False, 'intimate': False, 'trendy': False, 'upscale': False, 'classy': True, 'casual': True}"",""WheelchairAccessible"":""True"",""RestaurantsTableService"":""True"",""DogsAllowed"":""True"",""BYOB"":""False""}","American (Traditional), Italian, Bars, Restaurants, Breakfast & Brunch, Nightlife, American (New), Cocktail Bars","0:0-0:0    ","10:0-22:0  ","11:0-23:0  ","11:0-23:0  ","11:0-0:0   ","10:0-15:0  ","10:0-21:0  ","Restaurants"
11,"rWS8yiQtgtIelNX8wL0KBQ","Toto's Gelateria Caffe","35 N Main St","Ambler","PA","19002",40.1546985,-75.2245102,4.5,42,false,"""OutdoorSeating"":""True"",""BikeParking"":""True"",""RestaurantsPriceRange2"":""2"",""RestaurantsReservations"":""False"",""BusinessAcceptsCreditCards"":""True"",""RestaurantsAttire"":""u'casual'"",""BusinessParking"":""{'garage': False, 'street': True, 'validated': False, 'lot': False, 'valet': False}"",""RestaurantsDelivery"":""False"",""WiFi"":""'free'"",""NoiseLevel"":""u'average'"",""GoodForMeal"":""{'dessert': False, 'latenight': False, 'lunch': False, 'dinner': False, 'brunch': False, 'breakfast': False}"",""Ambience"":""{'romantic': False, 'intimate': False, 'classy': False, 'hipster': False, 'divey': False, 'touristy': False, 'trendy': False, 'upscale': False, 'casual': False}"",""RestaurantsGoodForGroups"":""True"",""GoodForKids"":""True"",""HasTV"":""True"",""RestaurantsTakeOut"":""True""}","Sandwiches, Food, Gelato, Coffee & Tea, Restaurants","           ","11:0-21:0  ","11:0-21:0  ","11:0-22:0  ","11:0-22:0  ","11:0-22:0  ","11:0-20:0  ","Restaurants"
12,"lqnxbW_tBgxpo7iLPXc60A","Xochi Modern Taqueria & More","36 W Skippack Pike","Ambler","PA","19002",40.1391506,-75.2457702,4.5,69,false,"""RestaurantsReservations"":""True"",""OutdoorSeating"":""True"",""RestaurantsDelivery"":""False"",""RestaurantsPriceRange2"":""2"",""Ambience"":""{'touristy': False, 'hipster': False, 'romantic': False, 'divey': False, 'intimate': False, 'trendy': False, 'upscale': False, 'classy': False, 'casual': True}"",""WiFi"":""u'free'"",""GoodForKids"":""True"",""GoodForMeal"":""{'dessert': True, 'latenight': False, 'lunch': True, 'dinner': True, 'brunch': False, 'breakfast': False}"",""BikeParking"":""True"",""RestaurantsAttire"":""u'casual'"",""WheelchairAccessible"":""True"",""HasTV"":""False"",""BusinessParking"":""{'garage': False, 'street': True, 'validated': False, 'lot': True, 'valet': False}"",""Caters"":""True"",""RestaurantsTakeOut"":""True"",""NoiseLevel"":""u'quiet'"",""BusinessAcceptsCreditCards"":""True"",""RestaurantsTableService"":""True"",""Alcohol"":""u'none'"",""RestaurantsGoodForGroups"":""True""}","Juice Bars & Smoothies, Empanadas, Food, New Mexican Cuisine, Mexican, Restaurants","17:0-21:0  ","17:0-21:0  ","17:0-21:0  ","17:0-21:0  ","17:0-22:0  ","17:0-22:0  ","17:0-20:0  ","Restaurants"
13,"RkyEwJMQymYAjQ5yXw6q3w","Massa","131 E Butler Ave","Ambler","PA","19002",40.1552083239,-75.2209419726,3.5,56,false,"""GoodForKids"":""False"",""RestaurantsReservations"":""True"",""BusinessAcceptsCreditCards"":""True"",""Ambience"":""{'romantic': False, 'intimate': False, 'classy': False, 'hipster': False, 'divey': False, 'touristy': False, 'trendy': False, 'upscale': False, 'casual': False}"",""NoiseLevel"":""u'average'"",""OutdoorSeating"":""False"",""RestaurantsDelivery"":""False"",""RestaurantsGoodForGroups"":""True"",""RestaurantsTakeOut"":""True"",""Caters"":""True"",""WiFi"":""u'free'"",""Alcohol"":""u'none'"",""RestaurantsPriceRange2"":""2"",""HasTV"":""False"",""RestaurantsAttire"":""u'casual'"",""BusinessParking"":""{'garage': False, 'street': True, 'validated': False, 'lot': False, 'valet': False}"",""BusinessAcceptsBitcoin"":""False"",""BikeParking"":""True""}","Mediterranean, Pizza, Restaurants","           ","11:30-22:0 ","11:30-22:0 ","11:30-22:0 ","11:30-22:0 ","11:30-22:0 ","15:0-21:0  ","Restaurants"
14,"DE8wVXVQ5JNsRVZcLpOARg","Abyss Coffee","30 S Bethlehem Pike","Ambler","PA","19002",40.1590944427,-75.2148498595,3.5,83,true,"""HasTV"":""False"",""BusinessAcceptsCreditCards"":""True"",""BusinessAcceptsBitcoin"":""False"",""GoodForMeal"":""{'dessert': False, 'latenight': False, 'lunch': False, 'dinner': False, 'brunch': False, 'breakfast': False}"",""RestaurantsAttire"":""'casual'"",""Caters"":""True"",""RestaurantsDelivery"":""False"",""Alcohol"":""u'none'"",""GoodForKids"":""True"",""WheelchairAccessible"":""True"",""RestaurantsPriceRange2"":""1"",""HappyHour"":""False"",""RestaurantsTableService"":""False"",""OutdoorSeating"":""True"",""NoiseLevel"":""u'average'"",""BusinessParking"":""{'garage': False, 'street': True, 'validated': False, 'lot': True, 'valet': False}"",""DogsAllowed"":""False"",""WiFi"":""u'free'"",""RestaurantsReservations"":""False"",""RestaurantsGoodForGroups"":""True"",""RestaurantsTakeOut"":""True"",""BikeParking"":""True"",""DriveThru"":""True"",""Ambience"":""{'touristy': False, 'hipster': False, 'romantic': False, 'divey': False, 'intimate': False, 'trendy': False, 'upscale': False, 'classy': True, 'casual': False}""}","Food, Restaurants, Sandwiches, Coffee & Tea, Breakfast & Brunch, Soup, Bakeries","6:0-18:0   ","6:0-18:0   ","6:0-18:0   ","6:0-18:0   ","6:0-18:0   ","6:0-18:0   ","6:0-18:0   ","Restaurants"
15,"3A3XWyj7ELQk90ydn8d2gg","Horsham Pub","1144 Horsham Rd","Ambler","PA","19002",40.2120290728,-75.1848096109,3.5,40,false,"""Caters"":""True"",""RestaurantsReservations"":""False"",""RestaurantsGoodForGroups"":""True"",""GoodForKids"":""True"",""HasTV"":""True"",""BusinessAcceptsCreditCards"":""True"",""Alcohol"":""u'full_bar'"",""RestaurantsPriceRange2"":""2"",""Ambience"":""{'romantic': False, 'intimate': False, 'classy': False, 'hipster': False, 'divey': False, 'touristy': False, 'trendy': False, 'upscale': False, 'casual': True}"",""BikeParking"":""True"",""RestaurantsAttire"":""u'casual'"",""RestaurantsTakeOut"":""True"",""WiFi"":""'free'"",""RestaurantsDelivery"":""False"",""NoiseLevel"":""u'average'"",""BusinessParking"":""{'garage': False, 'street': False, 'validated': False, 'lot': True, 'valet': False}"",""OutdoorSeating"":""False"",""HappyHour"":""True""}","American (New), Food, Beer, Wine & Spirits, Bars, Restaurants, Pubs, Nightlife","11:0-2:0   ","11:0-2:0   ","11:0-2:0   ","11:0-2:0   ","11:0-2:0   ","11:0-2:0   ","11:0-2:0   ","Restaurants"
16,"tFIbiGdjBYKvywqLVopd4A","Tamarindos Restaurant","36 W Skippack Pike","Ambler","PA","19002",40.1392027,-75.245701,4,79,false,"""BusinessParking"":""{'garage': False, 'street': False, 'validated': False, 'lot': True, 'valet': False}"",""BusinessAcceptsCreditCards"":""True"",""Alcohol"":""u'none'"",""HasTV"":""False"",""RestaurantsDelivery"":""False"",""RestaurantsAttire"":""'casual'"",""RestaurantsGoodForGroups"":""True"",""RestaurantsPriceRange2"":""2"",""OutdoorSeating"":""False"",""RestaurantsReservations"":""True"",""GoodForKids"":""True"",""RestaurantsTakeOut"":""True"",""BikeParking"":""True"",""Ambience"":""{'romantic': False, 'intimate': False, 'touristy': False, 'hipster': False, 'divey': False, 'classy': False, 'trendy': False, 'upscale': False, 'casual': True}"",""NoiseLevel"":""u'average'"",""WiFi"":""u'no'"",""Caters"":""True""}","Restaurants, Mexican","           ","17:0-21:30 ","17:0-21:30 ","17:0-21:30 ","17:0-22:30 ","17:0-22:30 ","16:30-21:30","Restaurants"
17,"r8k5KtXqb9yxlMGE0BF6jA","Ristorante Imperatore at Blue Bell","36 W Skippack Pike","Ambler","PA","19002",40.1391452,-75.2457332,4,52,true,"""RestaurantsTakeOut"":""True"",""RestaurantsReservations"":""True"",""BusinessParking"":""{'garage': False, 'street': False, 'validated': False, 'lot': False, 'valet': False}"",""Ambience"":""{'touristy': False, 'hipster': False, 'romantic': False, 'divey': False, 'intimate': False, 'trendy': False, 'upscale': False, 'classy': True, 'casual': False}"",""RestaurantsDelivery"":""True""}","Restaurants, Italian, Mediterranean","           ","15:30-21:0 ","15:30-21:0 ","15:30-21:0 ","15:30-22:0 ","15:30-22:0 ","           ","Restaurants"
18,"xUAxWsdyk6GKAAou23wSQg","Thai Aroma","40 W Skippack Pike","Ambler","PA","19002",40.13935,-75.2460681,4,22,false,"""NoiseLevel"":""u'quiet'"",""RestaurantsDelivery"":""True"",""RestaurantsTakeOut"":""True"",""HasTV"":""False"",""RestaurantsReservations"":""True"",""GoodForKids"":""True"",""Alcohol"":""u'none'"",""BusinessParking"":""{'garage': False, 'street': False, 'validated': False, 'lot': True, 'valet': False}"",""RestaurantsAttire"":""u'casual'"",""BusinessAcceptsCreditCards"":""True"",""Ambience"":""{'romantic': False, 'intimate': True, 'classy': False, 'hipster': False, 'divey': False, 'touristy': False, 'trendy': False, 'upscale': False, 'casual': False}"",""RestaurantsPriceRange2"":""2"",""RestaurantsGoodForGroups"":""True"",""OutdoorSeating"":""False""}","Thai, Restaurants","17:0-21:0  ","17:0-21:0  ","17:0-21:0  ","17:0-21:0  ","17:0-22:0  ","17:0-22:0  ","17:0-21:0  ","Restaurants"
19,"fiGh8ctcvIRm4Ii2GOtoHQ","Trax Restaurant and Cafe","27 W Butler Pike","Ambler","PA","19002",40.1535596076,-75.2251111929,3.5,46,false,"""GoodForKids"":""False"",""RestaurantsReservations"":""True"",""RestaurantsPriceRange2"":""3"",""RestaurantsAttire"":""u'casual'"",""BusinessAcceptsCreditCards"":""True"",""HasTV"":""False"",""Alcohol"":""u'none'"",""OutdoorSeating"":""True"",""RestaurantsTakeOut"":""True"",""NoiseLevel"":""u'loud'"",""WiFi"":""u'free'"",""BikeParking"":""True"",""RestaurantsGoodForGroups"":""False"",""BYOBCorkage"":""'yes_free'"",""RestaurantsDelivery"":""False"",""BusinessParking"":""{'garage': False, 'street': True, 'validated': False, 'lot': True, 'valet': False}"",""Ambience"":""{'romantic': False, 'intimate': True, 'classy': False, 'hipster': False, 'divey': False, 'touristy': False, 'trendy': False, 'upscale': False, 'casual': False}"",""Caters"":""False""}","Restaurants, American (New), American (Traditional)","           ","16:30-22:0 ","16:30-22:0 ","16:30-22:0 ","16:30-22:0 ","16:30-22:0 ","           ","Restaurants"
20,"ANbQwZEtt-b2JeEruRPi2A","Buutchiis Grille","35 E Butler Ave","Ambler","PA","19002",40.1542631,-75.2229125,4.5,86,true,"""BusinessParking"":""{'garage': False, 'street': True, 'validated': False, 'lot': False, 'valet': False}"",""RestaurantsReservations"":""False"",""WheelchairAccessible"":""True"",""BusinessAcceptsCreditCards"":""True"",""RestaurantsTakeOut"":""True"",""HasTV"":""True"",""GoodForMeal"":""{'dessert': False, 'latenight': False, 'lunch': False, 'dinner': False, 'brunch': False, 'breakfast': False}"",""BusinessAcceptsBitcoin"":""False"",""Ambience"":""{'touristy': False, 'hipster': False, 'romantic': False, 'divey': False, 'intimate': False, 'trendy': False, 'upscale': False, 'classy': False, 'casual': False}"",""DogsAllowed"":""False"",""Alcohol"":""u'none'"",""Caters"":""True"",""HappyHour"":""False"",""WiFi"":""u'no'"",""OutdoorSeating"":""False"",""RestaurantsDelivery"":""True""}","Caribbean, Food Trucks, Food, African, Restaurants","           ","           ","16:0-20:0  ","16:0-20:0  ","16:0-21:0  ","16:0-21:0  ","12:0-18:0  ","Restaurants"
21,"oWk7BiqZG99slmVSq6fmWQ","Philly's Phamous Steaks & Hoagies","36 Tennis Ave","Ambler","PA","19002",40.157836,-75.2260089,3,88,true,"""GoodForKids"":""True"",""Caters"":""True"",""RestaurantsTakeOut"":""True"",""RestaurantsAttire"":""u'casual'"",""BusinessParking"":""{'garage': False, 'street': False, 'validated': False, 'lot': True, 'valet': False}"",""Alcohol"":""u'none'"",""RestaurantsPriceRange2"":""1"",""RestaurantsReservations"":""False"",""OutdoorSeating"":""True"",""BusinessAcceptsCreditCards"":""True"",""RestaurantsDelivery"":""True"",""HasTV"":""True"",""NoiseLevel"":""u'quiet'"",""GoodForMeal"":""{'dessert': False, 'latenight': False, 'lunch': True, 'dinner': True, 'brunch': False, 'breakfast': False}"",""BikeParking"":""True"",""Ambience"":""{'romantic': False, 'intimate': False, 'classy': False, 'hipster': False, 'divey': False, 'touristy': False, 'trendy': False, 'upscale': False, 'casual': False}"",""RestaurantsGoodForGroups"":""True"",""WiFi"":""u'free'""}","American (Traditional), American (New), Steakhouses, Restaurants, Food, Cheesesteaks","10:0-21:0  ","10:0-21:0  ","10:0-21:0  ","10:0-21:0  ","10:0-22:0  ","10:0-21:0  ","10:0-21:0  ","Restaurants"
22,"q0HDybhT0V9dXrs63_WqWQ","Costa Deli","901 E Butler Pike","Ambler","PA","19002",40.1596506,-75.2149282,4.5,83,true,"""RestaurantsReservations"":""False"",""GoodForKids"":""True"",""RestaurantsAttire"":""u'casual'"",""OutdoorSeating"":""True"",""NoiseLevel"":""u'average'"",""HasTV"":""False"",""BusinessParking"":""{'garage': False, 'street': False, 'validated': False, 'lot': True, 'valet': False}"",""WiFi"":""u'free'"",""Alcohol"":""u'none'"",""BikeParking"":""True"",""RestaurantsGoodForGroups"":""False"",""RestaurantsPriceRange2"":""1"",""RestaurantsTakeOut"":""True"",""GoodForMeal"":""{'dessert': False, 'latenight': False, 'lunch': True, 'dinner': False, 'brunch': False, 'breakfast': True}"",""ByAppointmentOnly"":""False"",""RestaurantsTableService"":""True"",""Corkage"":""False"",""Ambience"":""{'touristy': False, 'hipster': False, 'romantic': False, 'divey': False, 'intimate': False, 'trendy': False, 'upscale': False, 'classy': False, 'casual': True}"",""BYOB"":""True"",""Caters"":""True"",""BusinessAcceptsCreditCards"":""True"",""RestaurantsDelivery"":""True"",""WheelchairAccessible"":""True""}","Ice Cream & Frozen Yogurt, Restaurants, Sandwiches, Breakfast & Brunch, Food, Cupcakes, Italian, Cheesesteaks, American (Traditional), Delis","7:0-20:0   ","7:0-20:0   ","7:0-20:0   ","7:0-20:0   ","7:0-20:0   ","8:0-20:0   ","8:0-18:0   ","Restaurants"
23,"rn6WVxqd_RQ14VXBfk0rVg","Rosey's BBQ","9 N Main St","Ambler","PA","19002",40.1539682,-75.2240103,3,19,false,"""NoiseLevel"":""u'average'"",""Ambience"":""{'romantic': False, 'intimate': False, 'touristy': False, 'hipster': False, 'divey': False, 'classy': False, 'trendy': False, 'upscale': False, 'casual': True}"",""RestaurantsPriceRange2"":""2"",""HasTV"":""False"",""RestaurantsTakeOut"":""True"",""Caters"":""True"",""RestaurantsDelivery"":""False"",""Alcohol"":""u'none'"",""WiFi"":""u'no'"",""GoodForKids"":""True"",""OutdoorSeating"":""False"",""RestaurantsReservations"":""False"",""BusinessAcceptsCreditCards"":""True"",""RestaurantsGoodForGroups"":""True"",""BusinessParking"":""{'garage': False, 'street': True, 'validated': False, 'lot': False, 'valet': False}"",""RestaurantsAttire"":""u'casual'""}","Restaurants, Barbeque","           ","           ","11:0-21:0  ","11:0-21:0  ","11:0-22:0  ","11:0-22:0  ","12:0-20:0  ","Restaurants"
24,"5EJPCzCE0SYTBRgRv3pk1g","East Cuisine","851 W Butler Pike","Ambler","PA","19002",40.1397867519,-75.2436466345,3.5,81,true,"""BusinessParking"":""{'garage': False, 'street': False, 'validated': False, 'lot': True, 'valet': False}"",""Alcohol"":""'none'"",""NoiseLevel"":""'quiet'"",""RestaurantsPriceRange2"":""2"",""RestaurantsReservations"":""True"",""RestaurantsTakeOut"":""True"",""RestaurantsAttire"":""'casual'"",""RestaurantsGoodForGroups"":""True"",""BYOBCorkage"":""'yes_free'"",""OutdoorSeating"":""False"",""Caters"":""True"",""GoodForKids"":""True"",""BusinessAcceptsCreditCards"":""True"",""RestaurantsDelivery"":""False"",""HasTV"":""True"",""WiFi"":""u'no'"",""Ambience"":""{'touristy': False, 'hipster': False, 'romantic': False, 'divey': False, 'intimate': False, 'trendy': False, 'upscale': None, 'classy': False, 'casual': True}"",""BikeParking"":""True"",""GoodForMeal"":""{'dessert': False, 'latenight': False, 'lunch': True, 'dinner': True, 'brunch': False, 'breakfast': False}"",""RestaurantsTableService"":""False"",""BYOB"":""True"",""Corkage"":""False"",""WheelchairAccessible"":""True""}","Chinese, Thai, Japanese, Restaurants","           ","11:0-21:30 ","11:0-21:30 ","11:0-21:30 ","11:0-22:15 ","11:0-22:15 ","12:0-21:30 ","Restaurants"
25,"l-3HK-3KFLG2TKrZSPOpVA","The Shanachie Irish Pub & Restaurant","111 E Butler Ave","Ambler","PA","19002",40.1548909,-75.2212781,3.5,19,false,"""RestaurantsTakeOut"":""True"",""RestaurantsDelivery"":""False"",""OutdoorSeating"":""False"",""BusinessParking"":""{'garage': False, 'street': True, 'validated': False, 'lot': False, 'valet': False}"",""RestaurantsPriceRange2"":""2"",""BusinessAcceptsCreditCards"":""True"",""Alcohol"":""u'full_bar'"",""RestaurantsReservations"":""True"",""HasTV"":""True"",""GoodForKids"":""True"",""RestaurantsGoodForGroups"":""True"",""Ambience"":""{'romantic': False, 'intimate': False, 'touristy': False, 'hipster': False, 'divey': False, 'classy': False, 'trendy': False, 'upscale': False, 'casual': False}"",""RestaurantsAttire"":""u'casual'"",""NoiseLevel"":""u'quiet'""}","Restaurants, Pubs, Nightlife, Irish, Bars","11:30-2:0  ","11:30-2:0  ","11:30-2:0  ","11:30-2:0  ","11:30-2:0  ","11:30-2:0  ","11:0-2:0   ","Restaurants"
26,"1vN178lXfJ77EmFRBYzteg","Alice Bakery & Confectionary","95 E Butler Ave","Ambler","PA","19002",40.1547719,-75.2217773,4,112,false,"""RestaurantsAttire"":""'casual'"",""RestaurantsTableService"":""True"",""RestaurantsDelivery"":""False"",""RestaurantsTakeOut"":""True"",""BusinessAcceptsCreditCards"":""True"",""HasTV"":""False"",""GoodForMeal"":""{'dessert': True, 'latenight': False, 'lunch': True, 'dinner': False, 'brunch': True, 'breakfast': True}"",""RestaurantsPriceRange2"":""2"",""Ambience"":""{'touristy': False, 'hipster': False, 'romantic': False, 'divey': False, 'intimate': False, 'trendy': False, 'upscale': False, 'classy': False, 'casual': False}"",""OutdoorSeating"":""True"",""RestaurantsReservations"":""False"",""NoiseLevel"":""u'average'"",""BikeParking"":""False"",""Alcohol"":""u'none'"",""WheelchairAccessible"":""True"",""RestaurantsGoodForGroups"":""False"",""WiFi"":""u'free'"",""BusinessParking"":""{'garage': False, 'street': True, 'validated': False, 'lot': False, 'valet': False}"",""Corkage"":""False"",""BYOB"":""True"",""Caters"":""True"",""GoodForKids"":""True""}","Food, Restaurants, Coffee & Tea, Bakeries, Cafes, American (New), Breakfast & Brunch, Cupcakes","0:0-0:0    ","6:0-18:0   ","6:0-18:0   ","6:0-22:0   ","6:0-22:0   ","7:0-22:0   ","7:0-18:0   ","Restaurants"
27,"RpvHQvlEXLncQSoMF84B1Q","Andy's Diner","900 N Bethlehem Pike","Ambler","PA","19002",40.181181554,-75.2262985334,3,106,false,"""RestaurantsAttire"":""u'casual'"",""RestaurantsDelivery"":""False"",""BusinessAcceptsCreditCards"":""True"",""RestaurantsTableService"":""True"",""GoodForKids"":""True"",""NoiseLevel"":""u'average'"",""OutdoorSeating"":""True"",""Caters"":""False"",""HasTV"":""True"",""RestaurantsGoodForGroups"":""True"",""RestaurantsPriceRange2"":""2"",""RestaurantsReservations"":""True"",""Alcohol"":""u'none'"",""Ambience"":""{'romantic': False, 'intimate': False, 'classy': False, 'hipster': False, 'divey': False, 'touristy': False, 'trendy': False, 'upscale': False, 'casual': True}"",""GoodForMeal"":""{'dessert': False, 'latenight': False, 'lunch': True, 'dinner': False, 'brunch': False, 'breakfast': True}"",""BikeParking"":""True"",""WiFi"":""u'free'"",""BusinessParking"":""{'garage': False, 'street': False, 'validated': False, 'lot': True, 'valet': False}"",""RestaurantsTakeOut"":""True""}","Restaurants, Diners","6:0-21:0   ","6:0-21:0   ","6:0-21:0   ","6:0-21:0   ","6:0-21:0   ","6:0-21:0   ","6:0-21:0   ","Restaurants"
28,"AJoWmj-UR1NBB6oSNxP_TA","Saxbys Coffee","30 S Bethlehem Pike","Ambler","PA","19002",40.159079666,-75.214772979,3.5,28,false,"""HasTV"":""False"",""RestaurantsDelivery"":""False"",""Ambience"":""{'romantic': False, 'intimate': False, 'classy': False, 'hipster': False, 'divey': False, 'touristy': False, 'trendy': False, 'upscale': False, 'casual': True}"",""BusinessParking"":""{'garage': False, 'street': False, 'validated': False, 'lot': True, 'valet': False}"",""Caters"":""True"",""WheelchairAccessible"":""True"",""NoiseLevel"":""u'average'"",""RestaurantsGoodForGroups"":""True"",""OutdoorSeating"":""True"",""RestaurantsAttire"":""'casual'"",""GoodForKids"":""True"",""GoodForMeal"":""{'dessert': False, 'latenight': False, 'lunch': False, 'dinner': False, 'brunch': False, 'breakfast': True}"",""Alcohol"":""u'none'"",""RestaurantsTakeOut"":""True"",""BikeParking"":""True"",""RestaurantsTableService"":""False"",""WiFi"":""u'free'"",""RestaurantsPriceRange2"":""1"",""RestaurantsReservations"":""False"",""BusinessAcceptsCreditCards"":""True""}","Restaurants, Food, Coffee & Tea, Cafes","6:0-19:0   ","6:0-19:0   ","6:0-19:0   ","6:0-19:0   ","9:0-19:0   ","7:0-19:0   ","7:0-18:0   ","Restaurants"
29,"YEkqJfNuIMsQHLiXgFXKrw","Maguire's Market","875 W Butler Pike","Ambler","PA","19002",40.1398475,-75.2440256,4.5,8,true,"""GoodForKids"":""False"",""RestaurantsTableService"":""False"",""Alcohol"":""u'none'"",""RestaurantsPriceRange2"":""1"",""OutdoorSeating"":""False"",""Ambience"":""{'touristy': False, 'hipster': False, 'romantic': False, 'divey': False, 'intimate': False, 'trendy': False, 'upscale': False, 'classy': False, 'casual': False}"",""Caters"":""True"",""GoodForMeal"":""{'dessert': False, 'latenight': False, 'lunch': False, 'dinner': False, 'brunch': False, 'breakfast': False}"",""RestaurantsTakeOut"":""True"",""WiFi"":""'no'"",""RestaurantsGoodForGroups"":""False"",""BusinessAcceptsCreditCards"":""True"",""RestaurantsAttire"":""'casual'"",""RestaurantsReservations"":""False"",""BikeParking"":""False"",""RestaurantsDelivery"":""True""}","American (New), Restaurants","7:30-18:0  ","7:30-18:0  ","7:30-18:0  ","7:30-18:0  ","7:30-18:0  ","8:0-15:0   ","           ","Restaurants"
30,"io5F4T6OsTlufMHzDTYs6Q","The Pizza Box","17 W Butler Pike","Ambler","PA","19002",40.1536512993,-75.2244379994,4,39,true,"""GoodForMeal"":""{'dessert': False, 'latenight': False, 'lunch': False, 'dinner': False, 'brunch': False, 'breakfast': False}"",""BusinessAcceptsCreditCards"":""True"",""RestaurantsTakeOut"":""True"",""RestaurantsTableService"":""False"",""Caters"":""True"",""OutdoorSeating"":""False"",""WiFi"":""u'free'"",""GoodForKids"":""True"",""RestaurantsPriceRange2"":""1"",""RestaurantsReservations"":""False"",""Ambience"":""{'touristy': False, 'hipster': False, 'romantic': False, 'divey': False, 'intimate': False, 'trendy': False, 'upscale': False, 'classy': False, 'casual': False}"",""RestaurantsDelivery"":""True"",""HasTV"":""True"",""BusinessParking"":""{'garage': False, 'street': False, 'validated': False, 'lot': True, 'valet': False}"",""RestaurantsAttire"":""'casual'"",""RestaurantsGoodForGroups"":""False"",""BikeParking"":""True"",""WheelchairAccessible"":""True"",""DogsAllowed"":""False""}","Restaurants, Pizza","10:0-21:0  ","10:0-21:0  ","10:0-21:0  ","10:0-21:0  ","10:0-22:0  ","10:0-22:0  ","11:0-21:0  ","Restaurants"
31,"LUakPn0BWE3Ood27c4Co3w","La Provence","27 W Butler Pike","Ambler","PA","19002",40.1534205523,-75.225000583,4,49,true,"""RestaurantsTakeOut"":""True"",""Caters"":""True"",""BYOB"":""True"",""BusinessAcceptsCreditCards"":""True"",""Ambience"":""{'touristy': False, 'hipster': False, 'romantic': False, 'divey': False, 'intimate': False, 'trendy': False, 'upscale': False, 'classy': True, 'casual': False}"",""HasTV"":""False"",""BusinessParking"":""{'garage': False, 'street': False, 'validated': False, 'lot': True, 'valet': False}"",""BikeParking"":""True"",""Corkage"":""False"",""WheelchairAccessible"":""True"",""RestaurantsTableService"":""True"",""Alcohol"":""u'none'"",""OutdoorSeating"":""True"",""WiFi"":""u'free'"",""RestaurantsDelivery"":""None""}","French, Restaurants","           ","17:0-21:30 ","17:0-21:30 ","17:0-21:30 ","17:0-22:0  ","17:0-22:0  ","17:0-21:0  ","Restaurants"
32,"t3SxZckwrIk0Vp7F3OOz-w","34 East Tavern","34 E Butler Ave","Ambler","PA","19002",40.1540904,-75.2229514,2.5,49,false,"""OutdoorSeating"":""True"",""Ambience"":""{'romantic': False, 'intimate': False, 'touristy': False, 'hipster': False, 'divey': False, 'classy': False, 'trendy': False, 'upscale': False, 'casual': True}"",""RestaurantsAttire"":""u'casual'"",""RestaurantsPriceRange2"":""2"",""NoiseLevel"":""u'average'"",""HasTV"":""True"",""BusinessAcceptsCreditCards"":""True"",""GoodForKids"":""True"",""RestaurantsTakeOut"":""True"",""BikeParking"":""True"",""RestaurantsReservations"":""True"",""Alcohol"":""u'full_bar'"",""Caters"":""True"",""BusinessParking"":""{'garage': False, 'street': True, 'validated': False, 'lot': True, 'valet': False}"",""WiFi"":""u'free'"",""RestaurantsGoodForGroups"":""True"",""RestaurantsDelivery"":""False""}","American (New), Restaurants, Nightlife, Music Venues, Bars, Sports Bars, American (Traditional), Arts & Entertainment","11:30-0:0  ","11:30-0:0  ","11:30-2:0  ","11:30-2:0  ","11:30-2:0  ","11:30-2:0  ","11:30-0:0  ","Restaurants"
33,"uTSIeChK5LN885QFwzF_Fg","Sushi Hatsu","51 E Butler Ave","Ambler","PA","19002",40.1543365,-75.2226748,4.5,90,true,"""BikeParking"":""True"",""RestaurantsTakeOut"":""True"",""RestaurantsTableService"":""True"",""RestaurantsReservations"":""False"",""HasTV"":""True"",""DogsAllowed"":""False"",""RestaurantsGoodForGroups"":""True"",""Ambience"":""{u'divey': False, u'hipster': None, u'casual': True, u'touristy': None, u'trendy': True, u'intimate': True, u'romantic': True, u'classy': True, u'upscale': True}"",""OutdoorSeating"":""True"",""BusinessParking"":""{'garage': True, 'street': True, 'validated': False, 'lot': False, 'valet': False}"",""RestaurantsDelivery"":""False"",""GoodForMeal"":""{u'breakfast': None, u'brunch': None, u'lunch': None, u'dinner': True, u'latenight': None, u'dessert': None}"",""BusinessAcceptsBitcoin"":""False"",""Alcohol"":""u'none'"",""WiFi"":""u'free'"",""BYOB"":""True"",""HappyHour"":""False"",""RestaurantsAttire"":""u'casual'"",""BusinessAcceptsCreditCards"":""True"",""Caters"":""True"",""WheelchairAccessible"":""True""}","Restaurants, Seafood, Sushi Bars, Japanese","0:0-0:0    ","17:0-21:0  ","17:0-21:0  ","17:0-21:0  ","17:0-22:0  ","17:0-22:0  ","           ","Restaurants"
34,"VDcjrvq1wZhVc_qVcDaa-Q","Los Sarapes Horsham Mexican Cuisine Margarita and Tequila Bar","1101 Horsham Rd","Ambler","PA","19002",40.2098297,-75.1826729,4,193,true,"""GoodForKids"":""True"",""BusinessParking"":""{u'valet': False, u'garage': False, u'street': False, u'lot': True, u'validated': False}"",""Smoking"":""u'no'"",""BusinessAcceptsBitcoin"":""False"",""RestaurantsGoodForGroups"":""True"",""Ambience"":""{'touristy': False, 'hipster': False, 'romantic': False, 'divey': False, 'intimate': False, 'trendy': False, 'upscale': False, 'classy': True, 'casual': True}"",""RestaurantsReservations"":""True"",""RestaurantsPriceRange2"":""2"",""RestaurantsDelivery"":""True"",""Caters"":""True"",""CoatCheck"":""False"",""WheelchairAccessible"":""True"",""OutdoorSeating"":""True"",""NoiseLevel"":""u'average'"",""HasTV"":""True"",""Alcohol"":""u'full_bar'"",""BikeParking"":""False"",""RestaurantsTakeOut"":""True"",""BusinessAcceptsCreditCards"":""True"",""GoodForMeal"":""{'dessert': False, 'latenight': False, 'lunch': False, 'dinner': True, 'brunch': False, 'breakfast': False}"",""BYOB"":""False"",""RestaurantsTableService"":""True"",""Music"":""{u'dj': False, u'live': False, u'jukebox': False, u'video': False, u'background_music': False, u'karaoke': False, u'no_music': False}"",""HappyHour"":""True"",""WiFi"":""u'free'"",""RestaurantsAttire"":""'casual'""}","Mexican, Bars, Breakfast & Brunch, Restaurants, Cocktail Bars, Nightlife","15:0-21:0  ","11:0-21:0  ","11:0-21:0  ","11:0-21:0  ","11:0-22:0  ","11:0-22:0  ","11:0-21:0  ","Restaurants"
35,"WtoNmqwlgKWOfKLDIH7SWg","Ambler Feedstore","242 E Butler Ave","Ambler","PA","19002",40.156296,-75.217789,4.5,111,false,"""RestaurantsAttire"":""'casual'"",""RestaurantsPriceRange2"":""2"",""BusinessAcceptsCreditCards"":""True"",""DriveThru"":""False"",""RestaurantsTakeOut"":""True"",""RestaurantsTableService"":""True"",""RestaurantsDelivery"":""False"",""HasTV"":""True"",""Caters"":""False"",""RestaurantsGoodForGroups"":""True"",""OutdoorSeating"":""True"",""Ambience"":""{'romantic': False, 'intimate': False, 'classy': False, 'hipster': False, 'divey': False, 'touristy': False, 'trendy': False, 'upscale': False, 'casual': True}"",""GoodForKids"":""True"",""Alcohol"":""'none'"",""NoiseLevel"":""u'average'"",""WiFi"":""u'free'"",""GoodForMeal"":""{'dessert': False, 'latenight': False, 'lunch': True, 'dinner': True, 'brunch': False, 'breakfast': False}"",""RestaurantsReservations"":""False"",""BikeParking"":""False"",""BusinessParking"":""{'garage': False, 'street': True, 'validated': False, 'lot': True, 'valet': False}"",""WheelchairAccessible"":""True"",""BusinessAcceptsBitcoin"":""False""}","Restaurants, Fast Food, Sandwiches, Burgers","11:0-21:0  ","11:0-21:0  ","11:0-21:0  ","11:0-21:0  ","11:0-22:0  ","11:0-22:0  ","           ","Restaurants"
36,"6WnKV1E4J1ItXJtSKjJ0kw","Banh Street Fried Chicken","832 N Bethlehem Pike","Ambler","PA","19002",40.180694,-75.226025,4,112,false,"""HasTV"":""False"",""RestaurantsTakeOut"":""True"",""GoodForKids"":""True"",""BusinessAcceptsCreditCards"":""True"",""RestaurantsPriceRange2"":""2"",""RestaurantsDelivery"":""True"",""WiFi"":""u'no'"",""RestaurantsGoodForGroups"":""False"",""RestaurantsReservations"":""True"",""GoodForMeal"":""{'dessert': False, 'latenight': False, 'lunch': True, 'dinner': False, 'brunch': False, 'breakfast': False}"",""RestaurantsAttire"":""'casual'"",""NoiseLevel"":""u'quiet'"",""Alcohol"":""u'none'"",""BikeParking"":""True"",""BusinessParking"":""{'garage': False, 'street': False, 'validated': False, 'lot': True, 'valet': False}"",""RestaurantsTableService"":""False"",""OutdoorSeating"":""None"",""Ambience"":""{'touristy': False, 'hipster': None, 'romantic': False, 'divey': None, 'intimate': False, 'trendy': False, 'upscale': False, 'classy': False, 'casual': True}"",""Caters"":""True"",""WheelchairAccessible"":""True""}","Restaurants, Chicken Wings, Chicken Shop, Event Planning & Services, Vietnamese, Sandwiches, Caterers","           ","11:0-20:0  ","11:0-20:0  ","11:0-20:0  ","11:0-21:0  ","11:0-21:0  ","12:0-20:0  ","Restaurants"
37,"-tJx7YTATAtQgjr5aoaufA","Gabby's Banh Mi","9 N Main St","Ambler","PA","19002",40.1540517,-75.2239821,4,21,false,"""BusinessParking"":""{'garage': False, 'street': True, 'validated': False, 'lot': False, 'valet': False}"",""GoodForMeal"":""{'dessert': False, 'latenight': False, 'lunch': False, 'dinner': False, 'brunch': False, 'breakfast': False}"",""OutdoorSeating"":""False"",""HasTV"":""True"",""Ambience"":""{'touristy': False, 'hipster': False, 'romantic': False, 'divey': False, 'intimate': False, 'trendy': False, 'upscale': False, 'classy': False, 'casual': False}""}","Restaurants, Vietnamese","           ","16:30-21:0 ","16:30-21:0 ","16:30-21:0 ","16:30-22:0 ","16:30-22:0 ","           ","Restaurants"
38,"XXVie9MI2oQz1OzfzSAOhw","Forest & Main Brewing Company","33 E Butler Ave","Ambler","PA","19002",40.1542749,-75.2229967,4,243,true,"""HasTV"":""False"",""BusinessAcceptsCreditCards"":""True"",""RestaurantsGoodForGroups"":""True"",""Caters"":""False"",""RestaurantsPriceRange2"":""2"",""BikeParking"":""True"",""Alcohol"":""u'beer_and_wine'"",""BusinessParking"":""{'garage': False, 'street': True, 'validated': False, 'lot': False, 'valet': False}"",""OutdoorSeating"":""True"",""WiFi"":""'no'"",""RestaurantsTableService"":""True"",""GoodForMeal"":""{'dessert': False, 'latenight': False, 'lunch': False, 'dinner': True, 'brunch': False, 'breakfast': False}"",""NoiseLevel"":""u'average'"",""RestaurantsAttire"":""u'casual'"",""GoodForKids"":""False"",""Ambience"":""{'touristy': False, 'hipster': True, 'romantic': False, 'divey': False, 'intimate': False, 'trendy': False, 'upscale': False, 'classy': True, 'casual': True}"",""RestaurantsTakeOut"":""True"",""RestaurantsDelivery"":""True"",""RestaurantsReservations"":""True"",""HappyHour"":""True"",""DogsAllowed"":""True""}","Gastropubs, Restaurants, Breweries, Food","           ","16:0-19:0  ","16:0-19:0  ","16:0-19:0  ","16:0-0:0   ","12:0-19:0  ","12:0-19:0  ","Restaurants"
39,"hsc502QZOScnjIxRaiCSYQ","Marco's Pizzeria","1125 S Bethlehem Pike","Ambler","PA","19002",40.1574335,-75.2136076,3,8,false,"""HasTV"":""False"",""RestaurantsTableService"":""True"",""Ambience"":""{'romantic': False, 'intimate': False, 'classy': False, 'hipster': False, 'divey': False, 'touristy': False, 'trendy': False, 'upscale': False, 'casual': False}"",""WiFi"":""u'free'"",""RestaurantsAttire"":""'casual'"",""RestaurantsPriceRange2"":""2"",""Alcohol"":""u'none'"",""Caters"":""True"",""BikeParking"":""True"",""BusinessParking"":""{'garage': False, 'street': True, 'validated': False, 'lot': False, 'valet': False}"",""RestaurantsReservations"":""False"",""BusinessAcceptsCreditCards"":""True"",""RestaurantsTakeOut"":""True"",""RestaurantsGoodForGroups"":""False"",""RestaurantsDelivery"":""True"",""BusinessAcceptsBitcoin"":""True"",""GoodForMeal"":""{'dessert': False, 'latenight': False, 'lunch': False, 'dinner': False, 'brunch': False, 'breakfast': False}"",""WheelchairAccessible"":""True"",""OutdoorSeating"":""True"",""GoodForKids"":""True"",""NoiseLevel"":""u'quiet'""}","Italian, Pizza, Restaurants, Salad, Sandwiches","10:30-21:30","10:30-21:30","10:30-21:30","10:30-21:30","10:30-22:0 ","10:30-22:30","12:0-21:30 ","Restaurants"
40,"dj7xzPvmibMFv4zVOe3bLA","Angelo's Italian Kitchen","1144 Horsham Rd","Ambler","PA","19002",40.2118552374,-75.1847288218,4.5,59,true,"""GoodForMeal"":""{'dessert': False, 'latenight': False, 'lunch': False, 'dinner': False, 'brunch': False, 'breakfast': False}"",""RestaurantsReservations"":""True"",""RestaurantsTakeOut"":""True"",""HappyHour"":""True"",""Ambience"":""{'touristy': False, 'hipster': False, 'romantic': False, 'divey': False, 'intimate': False, 'trendy': False, 'upscale': False, 'classy': False, 'casual': False}"",""HasTV"":""True"",""BusinessParking"":""{'garage': None, 'street': None, 'validated': None, 'lot': True, 'valet': False}"",""OutdoorSeating"":""True"",""RestaurantsDelivery"":""True""}","Italian, Restaurants","           ","11:30-21:0 ","11:30-21:0 ","11:30-21:0 ","11:30-22:0 ","11:30-22:0 ","11:30-21:0 ","Restaurants"
41,"6yViIhBe4Qd60a-GCDbm5w","Ambler Pizza","1125 S Bethlehem Pike","Ambler","PA","19002",40.1574367,-75.2136054,4,92,true,"""RestaurantsReservations"":""True"",""RestaurantsPriceRange2"":""1"",""Alcohol"":""u'beer_and_wine'"",""BusinessParking"":""{'garage': False, 'street': True, 'validated': False, 'lot': True, 'valet': False}"",""RestaurantsGoodForGroups"":""True"",""BusinessAcceptsCreditCards"":""True"",""Caters"":""True"",""GoodForKids"":""True"",""NoiseLevel"":""u'quiet'"",""RestaurantsAttire"":""u'casual'"",""RestaurantsDelivery"":""True"",""HasTV"":""True"",""RestaurantsTableService"":""True"",""BusinessAcceptsBitcoin"":""False"",""BikeParking"":""True"",""WiFi"":""u'free'"",""OutdoorSeating"":""False"",""WheelchairAccessible"":""True"",""Ambience"":""{'touristy': False, 'hipster': None, 'romantic': False, 'divey': False, 'intimate': False, 'trendy': None, 'upscale': False, 'classy': None, 'casual': True}"",""DogsAllowed"":""False"",""RestaurantsTakeOut"":""True"",""GoodForMeal"":""{'dessert': False, 'latenight': False, 'lunch': False, 'dinner': False, 'brunch': False, 'breakfast': False}""}","Food, Italian, Restaurants, Cheesesteaks, Pizza, Sandwiches, Food Delivery Services","11:0-22:0  ","11:0-22:0  ","11:0-22:0  ","11:0-22:0  ","11:0-22:30 ","11:0-22:0  ","11:0-21:0  ","Restaurants"
42,"b8kG6D1QEzwlovfm2tRS5w","McDonald's","119 W Butler Ave, Ste 21","Ambler","PA","19002",40.1531681,-75.225871,1.5,9,false,"""Alcohol"":""'full_bar'"",""WiFi"":""'paid'"",""RestaurantsPriceRange2"":""1"",""RestaurantsGoodForGroups"":""False"",""RestaurantsDelivery"":""False"",""BusinessParking"":""{'garage': False, 'street': False, 'validated': False, 'lot': False, 'valet': False}"",""BusinessAcceptsCreditCards"":""True"",""RestaurantsAttire"":""'casual'"",""RestaurantsTakeOut"":""True"",""NoiseLevel"":""'quiet'"",""HasTV"":""False"",""GoodForKids"":""True"",""Ambience"":""{'romantic': False, 'intimate': False, 'classy': False, 'hipster': False, 'divey': False, 'touristy': False, 'trendy': False, 'upscale': False, 'casual': False}"",""RestaurantsReservations"":""False"",""BikeParking"":""True"",""OutdoorSeating"":""True""}","Burgers, Restaurants, Fast Food","           ","           ","           ","           ","           ","           ","           ","Restaurants"
43,"M6ZoEY54OKKPq9O9Boee7g","The Lucky Well","111 E Butler Ave","Ambler","PA","19002",40.1548834,-75.2213557,3.5,351,true,"""RestaurantsReservations"":""True"",""RestaurantsAttire"":""u'casual'"",""Caters"":""True"",""RestaurantsPriceRange2"":""2"",""RestaurantsTakeOut"":""True"",""OutdoorSeating"":""True"",""Alcohol"":""u'full_bar'"",""RestaurantsGoodForGroups"":""True"",""BusinessParking"":""{'garage': False, 'street': True, 'validated': False, 'lot': False, 'valet': False}"",""HasTV"":""True"",""NoiseLevel"":""u'average'"",""WheelchairAccessible"":""True"",""BusinessAcceptsCreditCards"":""True"",""HappyHour"":""True"",""BestNights"":""{'monday': False, 'tuesday': False, 'friday': True, 'wednesday': False, 'thursday': True, 'sunday': False, 'saturday': True}"",""RestaurantsTableService"":""True"",""WiFi"":""u'free'"",""BusinessAcceptsBitcoin"":""False"",""GoodForDancing"":""False"",""BikeParking"":""True"",""Smoking"":""u'no'"",""GoodForKids"":""True"",""Ambience"":""{'touristy': False, 'hipster': False, 'romantic': False, 'divey': False, 'intimate': False, 'trendy': False, 'upscale': False, 'classy': True, 'casual': False}"",""DogsAllowed"":""False"",""ByAppointmentOnly"":""False"",""Music"":""{'dj': False, 'background_music': False, 'no_music': False, 'jukebox': False, 'live': True, 'video': False, 'karaoke': False}"",""CoatCheck"":""False"",""GoodForMeal"":""{u'breakfast': False, u'brunch': False, u'lunch': None, u'dinner': True, u'latenight': False, u'dessert': False}"",""RestaurantsDelivery"":""None""}","Barbeque, Bars, Cocktail Bars, Pubs, Nightlife, Restaurants, Religious Organizations","           ","           ","16:0-21:0  ","10:0-12:0  ","16:0-21:30 ","16:0-21:30 ","16:0-21:0  ","Restaurants"
44,"SbQeKFmx8tXAfCODRP_F2g","Broad Axe Tavern","901 W Butler Pike","Ambler","PA","19002",40.1392266102,-75.2446147495,3,137,false,"""Ambience"":""{'romantic': False, 'intimate': False, 'touristy': False, 'hipster': False, 'divey': False, 'classy': False, 'trendy': False, 'upscale': False, 'casual': True}"",""RestaurantsReservations"":""True"",""GoodForKids"":""True"",""RestaurantsDelivery"":""False"",""NoiseLevel"":""u'average'"",""RestaurantsPriceRange2"":""2"",""RestaurantsAttire"":""u'casual'"",""OutdoorSeating"":""False"",""BusinessParking"":""{'garage': False, 'street': False, 'validated': False, 'lot': True, 'valet': True}"",""BusinessAcceptsCreditCards"":""True"",""RestaurantsGoodForGroups"":""True"",""Alcohol"":""u'full_bar'"",""WiFi"":""u'free'"",""RestaurantsTakeOut"":""True"",""Caters"":""False"",""GoodForMeal"":""{'dessert': False, 'latenight': False, 'lunch': False, 'dinner': True, 'brunch': False, 'breakfast': False}"",""BikeParking"":""True"",""HasTV"":""True"",""Music"":""{'dj': False, 'background_music': False, 'no_music': False, 'jukebox': False, 'live': False, 'video': False, 'karaoke': False}"",""CoatCheck"":""False"",""HappyHour"":""True""}","American (New), Restaurants, Bars, Nightlife, American (Traditional)","11:0-0:0   ","11:0-0:0   ","11:0-0:0   ","11:0-0:0   ","11:0-2:0   ","11:0-2:0   ","11:0-0:0   ","Restaurants"
45,"zg8r-1UUN8hE1r6l-4AQbg","Pistachio Grille","521 Limekiln Pike","Ambler","PA","19002",40.1780138,-75.1835115,3,61,false,"""RestaurantsAttire"":""u'casual'"",""RestaurantsReservations"":""True"",""RestaurantsDelivery"":""False"",""RestaurantsPriceRange2"":""2"",""BusinessAcceptsCreditCards"":""True"",""RestaurantsTakeOut"":""False"",""BusinessParking"":""{'garage': False, 'street': False, 'validated': False, 'lot': True, 'valet': False}"",""RestaurantsGoodForGroups"":""True"",""OutdoorSeating"":""True"",""HasTV"":""False"",""Alcohol"":""u'beer_and_wine'"",""BikeParking"":""False"",""NoiseLevel"":""u'loud'"",""Ambience"":""{'touristy': False, 'hipster': False, 'romantic': False, 'divey': False, 'intimate': True, 'trendy': False, 'upscale': False, 'classy': False, 'casual': True}"",""WiFi"":""'free'"",""GoodForKids"":""False"",""Caters"":""True""}","Restaurants, American (New)","           ","11:0-21:0  ","11:0-21:0  ","11:0-21:0  ","11:0-22:0  ","8:0-22:0   ","8:0-13:0   ","Restaurants"
46,"SE6jMszzGnPoidiQl8b4Ng","Zina's Kitchen","242 E Butler Ave","Ambler","PA","19002",40.1564232,-75.2179198,4,8,false,"""RestaurantsTakeOut"":""True"",""Alcohol"":""u'none'"",""NoiseLevel"":""u'quiet'"",""RestaurantsGoodForGroups"":""False"",""BusinessParking"":""{'garage': False, 'street': False, 'validated': False, 'lot': False, 'valet': False}"",""WiFi"":""u'no'"",""BusinessAcceptsCreditCards"":""False"",""Ambience"":""{'romantic': False, 'intimate': False, 'touristy': False, 'hipster': False, 'divey': False, 'classy': False, 'trendy': False, 'upscale': False, 'casual': False}"",""RestaurantsReservations"":""False"",""HasTV"":""False"",""RestaurantsPriceRange2"":""1"",""RestaurantsDelivery"":""True"",""OutdoorSeating"":""False"",""GoodForKids"":""True"",""RestaurantsAttire"":""u'casual'""}","Restaurants, Breakfast & Brunch","           ","           ","           ","           ","           ","           ","           ","Restaurants"
47,"JQy8G3BNLJgkyk8nCUTz5w","Whooley's","Maple and Mt Pleasant Ave","Ambler","PA","19002",40.1584838272,-75.2321648598,4.5,8,false,"""GoodForKids"":""True"",""RestaurantsTakeOut"":""True"",""BusinessAcceptsCreditCards"":""False"",""HasTV"":""False"",""WiFi"":""u'no'"",""Alcohol"":""u'none'"",""Caters"":""True"",""BusinessParking"":""{'garage': False, 'street': False, 'validated': False, 'lot': True, 'valet': False}"",""RestaurantsReservations"":""False"",""RestaurantsPriceRange2"":""2"",""RestaurantsDelivery"":""False"",""OutdoorSeating"":""False"",""RestaurantsGoodForGroups"":""False"",""RestaurantsAttire"":""'casual'""}","Food, Restaurants, Barbeque","           ","           ","           ","           ","           ","           ","           ","Restaurants"
48,"QId3d1YuSnTCk4Y_Blz_AQ","Michael's Italian Restaurant & Deli","869 W Butler Pike","Ambler","PA","19002",40.1399729416,-75.2439598031,4,32,true,"""RestaurantsDelivery"":""True"",""RestaurantsAttire"":""u'casual'"",""Caters"":""True"",""BusinessAcceptsCreditCards"":""True"",""Ambience"":""{'romantic': False, 'intimate': False, 'touristy': False, 'hipster': False, 'divey': False, 'classy': False, 'trendy': False, 'upscale': False, 'casual': False}"",""RestaurantsTakeOut"":""True"",""BusinessParking"":""{'garage': False, 'street': False, 'validated': False, 'lot': True, 'valet': False}"",""RestaurantsReservations"":""False"",""WheelchairAccessible"":""True"",""RestaurantsGoodForGroups"":""True"",""BikeParking"":""True"",""HasTV"":""True"",""NoiseLevel"":""u'average'"",""GoodForKids"":""True"",""Alcohol"":""u'full_bar'"",""RestaurantsPriceRange2"":""1"",""OutdoorSeating"":""True"",""WiFi"":""u'free'"",""DogsAllowed"":""False"",""RestaurantsTableService"":""True""}","Pizza, Restaurants, Italian, Nightlife, Bars, Sports Bars, Food, Beer, Wine & Spirits, Delis","0:0-0:0    ","11:0-20:0  ","11:0-22:0  ","11:0-22:0  ","11:0-23:0  ","11:0-23:0  ","12:0-22:0  ","Restaurants"
49,"jzsspHqP9kATWji8xUhNFw","KC's Alley","10 W Butler Ave","Ambler","PA","19002",40.1534838,-75.2241363,3.5,139,true,"""RestaurantsGoodForGroups"":""True"",""RestaurantsAttire"":""u'casual'"",""Caters"":""False"",""OutdoorSeating"":""True"",""RestaurantsDelivery"":""False"",""NoiseLevel"":""u'loud'"",""RestaurantsReservations"":""True"",""BusinessAcceptsCreditCards"":""True"",""RestaurantsTakeOut"":""True"",""GoodForKids"":""True"",""Alcohol"":""'full_bar'"",""HasTV"":""True"",""RestaurantsPriceRange2"":""2"",""Ambience"":""{'romantic': False, 'intimate': False, 'touristy': False, 'hipster': False, 'divey': False, 'classy': False, 'trendy': False, 'upscale': False, 'casual': True}"",""BestNights"":""{'monday': True, 'tuesday': False, 'friday': True, 'wednesday': False, 'thursday': False, 'sunday': False, 'saturday': True}"",""BusinessParking"":""{'garage': False, 'street': True, 'validated': False, 'lot': None, 'valet': False}"",""BikeParking"":""True"",""Music"":""{'dj': False, 'background_music': False, 'no_music': False, 'jukebox': False, 'live': True, 'video': False, 'karaoke': False}"",""WiFi"":""'no'"",""GoodForMeal"":""{'dessert': False, 'latenight': False, 'lunch': True, 'dinner': True, 'brunch': False, 'breakfast': False}""}","Pubs, Bars, Nightlife, American (Traditional), Burgers, Restaurants","11:30-22:0 ","11:30-22:0 ","11:30-22:0 ","11:30-22:0 ","11:30-23:0 ","11:30-23:0 ","11:30-22:0 ","Restaurants"
50,"ta7mh_wdbvbKUwb1RO3TZQ","Giuseppe's Pizza & Family Restaurant","46 S Bethlehem Pike","Ambler","PA","19002",40.157885,-75.2144951,3.5,58,true,"""RestaurantsPriceRange2"":""2"",""RestaurantsGoodForGroups"":""True"",""RestaurantsTakeOut"":""True"",""GoodForKids"":""True"",""BusinessAcceptsCreditCards"":""True"",""Alcohol"":""u'full_bar'"",""HasTV"":""True"",""BusinessParking"":""{'garage': False, 'street': False, 'validated': False, 'lot': True, 'valet': False}"",""NoiseLevel"":""u'average'"",""RestaurantsAttire"":""u'casual'"",""RestaurantsReservations"":""True"",""Caters"":""True"",""RestaurantsDelivery"":""False"",""RestaurantsTableService"":""True"",""HappyHour"":""True"",""WheelchairAccessible"":""True"",""Ambience"":""{u'divey': False, u'hipster': False, u'casual': True, u'touristy': False, u'trendy': False, u'intimate': False, u'romantic': None, u'classy': None, u'upscale': False}"",""BusinessAcceptsBitcoin"":""False"",""BikeParking"":""True"",""DogsAllowed"":""False"",""WiFi"":""u'no'"",""OutdoorSeating"":""True""}","Pizza, Restaurants","11:0-23:0  ","11:0-23:0  ","11:0-23:0  ","11:0-23:0  ","11:0-0:0   ","11:0-0:0   ","12:0-22:0  ","Restaurants"
51,"sWWd5x4Rj3HxYMruIQLH4Q","Franks Pizza Kitchen","1116 Horsham Rd","Ambler","PA","19002",40.211107,-75.182751,3.5,15,true,"""HasTV"":""True"",""NoiseLevel"":""u'average'"",""RestaurantsDelivery"":""True"",""Ambience"":""{'romantic': False, 'intimate': False, 'touristy': False, 'hipster': False, 'divey': False, 'classy': False, 'trendy': False, 'upscale': False, 'casual': False}"",""BusinessAcceptsCreditCards"":""True"",""RestaurantsReservations"":""False"",""RestaurantsPriceRange2"":""1"",""RestaurantsAttire"":""u'casual'"",""RestaurantsTakeOut"":""True"",""Alcohol"":""u'none'"",""OutdoorSeating"":""False"",""Caters"":""True"",""RestaurantsGoodForGroups"":""True"",""BusinessParking"":""{'garage': False, 'street': False, 'validated': False, 'lot': True, 'valet': False}"",""GoodForKids"":""True"",""RestaurantsTableService"":""True"",""WiFi"":""'free'"",""GoodForMeal"":""{'dessert': False, 'latenight': False, 'lunch': True, 'dinner': False, 'brunch': False, 'breakfast': False}"",""BikeParking"":""True""}","Restaurants, Pizza","10:0-22:0  ","10:0-22:0  ","10:0-22:0  ","10:0-22:0  ","10:0-23:0  ","10:0-23:0  ","11:0-22:0  ","Restaurants"
52,"9gccaMBw1QhoIX5nXj_1UQ","Everest Grill","40 W Skippack Pike","Ambler","PA","19002",40.1397791,-75.2455764,3.5,20,false,"""RestaurantsReservations"":""True"",""NoiseLevel"":""u'quiet'"",""RestaurantsDelivery"":""True"",""RestaurantsTakeOut"":""True"",""Alcohol"":""u'none'"",""RestaurantsGoodForGroups"":""True"",""Ambience"":""{'romantic': False, 'intimate': False, 'touristy': False, 'hipster': False, 'divey': False, 'classy': False, 'trendy': False, 'upscale': False, 'casual': True}"",""HasTV"":""True"",""Caters"":""True"",""OutdoorSeating"":""True"",""WiFi"":""u'free'"",""BusinessParking"":""{'garage': False, 'street': False, 'validated': False, 'lot': True, 'valet': False}"",""RestaurantsPriceRange2"":""2"",""RestaurantsAttire"":""u'casual'"",""BusinessAcceptsCreditCards"":""True"",""GoodForKids"":""True""}","Persian/Iranian, Indian, Restaurants","           ","11:30-21:0 ","11:30-21:0 ","11:30-21:0 ","11:30-22:0 ","12:0-22:0  ","12:0-21:0  ","Restaurants"
53,"qMSgdXr35oPCy4GbuqN2Hg","La Vita E' Bella","914 Limekiln Pike","Ambler","PA","19002",40.181431,-75.182565,2.5,25,false,"""Ambience"":""{'romantic': False, 'intimate': False, 'classy': False, 'hipster': False, 'divey': False, 'touristy': False, 'trendy': False, 'upscale': False, 'casual': True}"",""OutdoorSeating"":""True"",""BusinessParking"":""{'garage': False, 'street': False, 'validated': False, 'lot': True, 'valet': False}"",""GoodForKids"":""True"",""NoiseLevel"":""u'average'"",""HasTV"":""False"",""Alcohol"":""'none'"",""RestaurantsGoodForGroups"":""True"",""RestaurantsReservations"":""True"",""RestaurantsAttire"":""u'casual'"",""BusinessAcceptsCreditCards"":""True"",""RestaurantsPriceRange2"":""2"",""RestaurantsDelivery"":""False"",""RestaurantsTakeOut"":""True"",""BikeParking"":""True""}","Restaurants, Italian","11:0-21:30 ","11:0-21:30 ","11:0-21:30 ","11:0-21:30 ","11:0-22:30 ","11:0-22:30 ","11:0-21:0  ","Restaurants"
54,"y1YYRnAHxWz88FZGSN5mYA","7-Eleven","1315 S Bethlehem Pike","Ambler","PA","19002",40.1597516376,-75.2142403229,1.5,7,true,"""BusinessAcceptsCreditCards"":""True"",""Caters"":""False"",""GoodForKids"":""False"",""RestaurantsTakeOut"":""True"",""HasTV"":""False"",""WheelchairAccessible"":""True"",""RestaurantsReservations"":""False"",""RestaurantsDelivery"":""True"",""RestaurantsPriceRange2"":""1""}","Convenience Stores, Automotive, Coffee & Tea, Gas Stations, Delis, Restaurants, Gas Stations, Food, Service Stations","0:0-0:0    ","0:0-0:0    ","0:0-0:0    ","0:0-0:0    ","0:0-0:0    ","0:0-0:0    ","0:0-0:0    ","Restaurants"
55,"9YdzTcXkiPHzheQRtr44Gw","Julia's On the Go Deli","14 W Butler Ave","Ambler","PA","19002",40.1535703,-75.2242969,2.5,24,true,"""NoiseLevel"":""u'quiet'"",""RestaurantsPriceRange2"":""1"",""RestaurantsGoodForGroups"":""False"",""GoodForKids"":""True"",""RestaurantsAttire"":""'casual'"",""HasTV"":""True"",""Alcohol"":""u'none'"",""RestaurantsTakeOut"":""True"",""OutdoorSeating"":""False"",""BusinessAcceptsCreditCards"":""True"",""RestaurantsReservations"":""False"",""GoodForMeal"":""{'dessert': False, 'latenight': False, 'lunch': False, 'dinner': False, 'brunch': False, 'breakfast': False}"",""Ambience"":""{'romantic': False, 'intimate': False, 'classy': False, 'hipster': False, 'divey': False, 'touristy': False, 'trendy': False, 'upscale': False, 'casual': False}"",""RestaurantsDelivery"":""None"",""BikeParking"":""True"",""BusinessParking"":""{'garage': False, 'street': False, 'validated': False, 'lot': True, 'valet': False}""}","Delis, Restaurants","           ","           ","           ","           ","           ","           ","           ","Restaurants"
56,"kLmnhqQuymX3hwtZUKIJVA","Weavers Way - Ambler","217 E Butler Ave","Ambler","PA","19002",40.1562376,-75.2187485,4.5,23,true,"""BusinessAcceptsCreditCards"":""True"",""BikeParking"":""True"",""RestaurantsPriceRange2"":""2"",""Alcohol"":""u'none'"",""WheelchairAccessible"":""True"",""RestaurantsTakeOut"":""True"",""Caters"":""True"",""BusinessParking"":""{'garage': False, 'street': False, 'validated': False, 'lot': True, 'valet': False}"",""RestaurantsDelivery"":""True""}","Local Services, Sandwiches, Community Service/Non-Profit, Restaurants, Food, Organic Stores, Grocery","0:0-0:0    ","8:0-20:0   ","8:0-20:0   ","8:0-20:0   ","8:0-20:0   ","8:0-20:0   ","8:0-20:0   ","Restaurants"
57,"n57e-5iUyrAmwZMlKSPsZQ","Domino's Pizza","1115 S Bethlehem Pike","Ambler","PA","19002",40.1571936,-75.2136176,2,20,true,"""GoodForKids"":""True"",""HasTV"":""True"",""BusinessAcceptsCreditCards"":""True"",""RestaurantsDelivery"":""True"",""WiFi"":""u'no'"",""Alcohol"":""u'none'"",""OutdoorSeating"":""False"",""BusinessParking"":""{'garage': False, 'street': False, 'validated': False, 'lot': True, 'valet': False}"",""RestaurantsReservations"":""False"",""RestaurantsGoodForGroups"":""False"",""RestaurantsTakeOut"":""True"",""NoiseLevel"":""u'average'"",""Ambience"":""{'touristy': False, 'hipster': False, 'romantic': False, 'divey': False, 'intimate': False, 'trendy': False, 'upscale': False, 'classy': False, 'casual': False}"",""RestaurantsPriceRange2"":""1""}","Restaurants, Pizza","10:30-0:0  ","10:30-0:0  ","10:30-0:0  ","10:30-0:0  ","10:30-1:0  ","10:30-1:0  ","10:30-0:0  ","Restaurants"
58,"BCZX5Z3SFVvozkn3AP-kOw","Melody's Casual Vietnamese","47 E Butler Ave","Ambler","PA","19002",40.1542797101,-75.2227299728,4,45,true,"""RestaurantsTakeOut"":""None"",""RestaurantsDelivery"":""True"",""OutdoorSeating"":""True""}","Restaurants, Vietnamese, Thai","           ","17:0-21:0  ","17:0-21:0  ","17:0-21:0  ","17:0-22:0  ","17:0-22:0  ","           ","Restaurants"
59,"E3TTW-KPx9KLXE8HhI0IgQ","Dairy Queen","1116 Horsham Rd","Ambler","PA","19002",40.2108246024,-75.1829892397,2,9,true,"""WiFi"":""u'free'"",""BikeParking"":""False"",""RestaurantsPriceRange2"":""1"",""Alcohol"":""u'none'"",""RestaurantsGoodForGroups"":""True"",""DriveThru"":""True"",""BYOB"":""False"",""Ambience"":""{'romantic': False, 'intimate': False, 'classy': False, 'hipster': False, 'divey': False, 'touristy': False, 'trendy': False, 'upscale': False, 'casual': False}"",""Corkage"":""False"",""RestaurantsDelivery"":""None"",""RestaurantsTakeOut"":""True"",""BusinessParking"":""{'garage': False, 'street': False, 'validated': False, 'lot': False, 'valet': False}"",""GoodForKids"":""True"",""WheelchairAccessible"":""True"",""Caters"":""False"",""BusinessAcceptsCreditCards"":""True"",""RestaurantsAttire"":""'casual'"",""OutdoorSeating"":""False"",""HasTV"":""False"",""NoiseLevel"":""'average'"",""RestaurantsReservations"":""False""}","Ice Cream & Frozen Yogurt, Food, Burgers, Restaurants, Fast Food","11:30-22:0 ","11:30-22:0 ","11:30-22:0 ","11:30-22:0 ","11:30-22:0 ","13:30-22:0 ","13:30-21:0 ","Restaurants"
60,"bamt7SpfNB7axYZu27l-1Q","Ristorante San Marco","504 Bethlehem Pike","Ambler","PA","19002",40.1708949,-75.2230651,3.5,64,true,"""BusinessAcceptsCreditCards"":""True"",""OutdoorSeating"":""False"",""RestaurantsReservations"":""True"",""GoodForKids"":""False"",""RestaurantsTakeOut"":""True"",""Alcohol"":""u'full_bar'"",""RestaurantsGoodForGroups"":""True"",""BusinessParking"":""{'garage': False, 'street': False, 'validated': False, 'lot': True, 'valet': False}"",""RestaurantsPriceRange2"":""3"",""NoiseLevel"":""u'average'"",""BikeParking"":""True"",""WiFi"":""'no'"",""RestaurantsAttire"":""u'dressy'"",""Caters"":""True"",""Smoking"":""u'outdoor'"",""Music"":""{'dj': False, 'background_music': False, 'no_music': False, 'jukebox': False, 'live': False, 'video': False, 'karaoke': False}"",""HappyHour"":""False"",""RestaurantsTableService"":""True"",""CoatCheck"":""True"",""GoodForMeal"":""{'dessert': False, 'latenight': False, 'lunch': False, 'dinner': True, 'brunch': False, 'breakfast': False}"",""WheelchairAccessible"":""True"",""HasTV"":""True"",""Ambience"":""{'romantic': False, 'intimate': False, 'classy': True, 'hipster': False, 'divey': False, 'touristy': False, 'trendy': False, 'upscale': False, 'casual': False}"",""RestaurantsDelivery"":""True""}","Nightlife, Italian, Restaurants, Event Planning & Services, Bars, Venues & Event Spaces","0:0-0:0    ","11:30-22:0 ","11:30-22:0 ","11:30-22:0 ","11:30-22:0 ","17:0-22:0  ","13:0-20:0  ","Restaurants"
61,"2NZVOFJ3y8j7B4j61LdF7w","Mi Lah Vegetarian","40 W Skippack Pike","Ambler","PA","19002",40.139479,-75.245994,4.5,123,false,"""BikeParking"":""True"",""Caters"":""False"",""RestaurantsGoodForGroups"":""True"",""Ambience"":""{'romantic': False, 'intimate': False, 'classy': False, 'hipster': False, 'divey': False, 'touristy': False, 'trendy': False, 'upscale': False, 'casual': True}"",""WiFi"":""u'no'"",""GoodForKids"":""True"",""HasTV"":""False"",""GoodForMeal"":""{'dessert': False, 'latenight': False, 'lunch': True, 'dinner': True, 'brunch': True, 'breakfast': False}"",""BusinessAcceptsCreditCards"":""True"",""Alcohol"":""u'none'"",""OutdoorSeating"":""False"",""RestaurantsTakeOut"":""True"",""BusinessParking"":""{'garage': False, 'street': False, 'validated': False, 'lot': True, 'valet': False}"",""RestaurantsDelivery"":""False"",""NoiseLevel"":""u'quiet'"",""RestaurantsAttire"":""'casual'"",""RestaurantsTableService"":""True"",""RestaurantsReservations"":""True"",""RestaurantsPriceRange2"":""2""}","Vegetarian, Restaurants, Vegan","           ","17:0-21:0  ","17:0-21:0  ","17:0-21:0  ","17:0-22:0  ","17:0-22:0  ","17:0-21:0  ","Restaurants"
62,"C70aSng5_Rn5FGiDKCRAVw","Spring House Tavern","1032 N Bethlehem Pike","Ambler","PA","19002",40.18513212,-75.2274329604,3.5,108,true,"""Alcohol"":""u'full_bar'"",""GoodForKids"":""True"",""RestaurantsGoodForGroups"":""True"",""BusinessParking"":""{'garage': False, 'street': False, 'validated': False, 'lot': True, 'valet': False}"",""BusinessAcceptsCreditCards"":""True"",""RestaurantsAttire"":""'casual'"",""OutdoorSeating"":""True"",""NoiseLevel"":""u'average'"",""RestaurantsTakeOut"":""True"",""WiFi"":""u'free'"",""BusinessAcceptsBitcoin"":""False"",""DogsAllowed"":""False"",""BikeParking"":""False"",""CoatCheck"":""True"",""GoodForMeal"":""{'dessert': False, 'latenight': False, 'lunch': False, 'dinner': True, 'brunch': False, 'breakfast': False}"",""RestaurantsPriceRange2"":""2"",""HappyHour"":""True"",""HasTV"":""True"",""BestNights"":""{'monday': False, 'tuesday': True, 'friday': False, 'wednesday': False, 'thursday': False, 'sunday': False, 'saturday': False}"",""RestaurantsTableService"":""True"",""WheelchairAccessible"":""True"",""Smoking"":""u'no'"",""RestaurantsDelivery"":""True"",""BYOB"":""False"",""RestaurantsReservations"":""True"",""Music"":""{'dj': False, 'background_music': False, 'no_music': False, 'jukebox': False, 'live': False, 'video': False, 'karaoke': False}"",""Ambience"":""{u'divey': False, u'hipster': False, u'casual': None, u'touristy': False, u'trendy': False, u'intimate': None, u'romantic': None, u'classy': None, u'upscale': None}"",""Caters"":""False""}","American (Traditional), Nightlife, American (New), Seafood, Breakfast & Brunch, Bars, Restaurants","0:0-0:0    ","11:30-21:0 ","11:30-21:0 ","13:0-18:0  ","16:0-22:0  ","11:30-22:0 ","10:0-22:0  ","Restaurants"
63,"1Cg_Wi0MkJBBkcfkCRPfoQ","Aloha Smoothie Company","12 Cavalier Dr","Ambler","PA","19002",40.153875,-75.222012,4.5,10,true,"""RestaurantsTakeOut"":""True"",""Caters"":""True"",""DogsAllowed"":""True"",""OutdoorSeating"":""True"",""BusinessAcceptsBitcoin"":""False"",""BusinessParking"":""{u'valet': False, u'garage': False, u'street': True, u'lot': True, u'validated': False}"",""BikeParking"":""True"",""WheelchairAccessible"":""True"",""WiFi"":""u'free'"",""RestaurantsDelivery"":""True"",""BusinessAcceptsCreditCards"":""True""}","Acai Bowls, Juice Bars & Smoothies, Food, Restaurants, Gluten-Free","8:0-14:0   ","8:0-14:0   ","8:0-17:0   ","8:0-17:0   ","8:0-16:0   ","8:0-16:0   ","9:0-14:0   ","Restaurants"
64,"QGzyGNkNBnB1q6KgeUL3Cg","Saffron Indian Kitchen","60 E Butler Ave","Ambler","PA","19002",40.1543487,-75.2217659,4,190,true,"""WiFi"":""u'no'"",""BikeParking"":""False"",""Alcohol"":""u'none'"",""RestaurantsPriceRange2"":""2"",""GoodForKids"":""True"",""RestaurantsGoodForGroups"":""True"",""BusinessAcceptsCreditCards"":""True"",""RestaurantsTakeOut"":""True"",""RestaurantsReservations"":""True"",""OutdoorSeating"":""True"",""NoiseLevel"":""u'average'"",""BusinessParking"":""{'garage': False, 'street': True, 'validated': False, 'lot': False, 'valet': False}"",""HasTV"":""True"",""RestaurantsTableService"":""True"",""RestaurantsDelivery"":""True"",""Caters"":""True"",""RestaurantsAttire"":""u'casual'"",""GoodForMeal"":""{'dessert': False, 'latenight': False, 'lunch': True, 'dinner': True, 'brunch': False, 'breakfast': False}"",""Ambience"":""{'touristy': False, 'hipster': False, 'romantic': False, 'divey': False, 'intimate': None, 'trendy': None, 'upscale': False, 'classy': False, 'casual': True}""}","Desserts, Restaurants, Indian, Food","11:30-21:30","11:30-21:30","11:30-21:30","11:30-21:30","11:30-21:30","12:0-21:30 ","12:0-21:30 ","Restaurants"
65,"hrTq1ddt6JHBILeJx2KtPA","Caff Maida","58 E Butler Ave","Ambler","PA","19002",40.154427,-75.222071,5,8,false,"""Alcohol"":""u'none'"",""RestaurantsTakeOut"":""True"",""GoodForMeal"":""{'dessert': False, 'latenight': False, 'lunch': False, 'dinner': False, 'brunch': False, 'breakfast': False}"",""RestaurantsReservations"":""False"",""NoiseLevel"":""u'quiet'"",""OutdoorSeating"":""True"",""RestaurantsAttire"":""'casual'"",""RestaurantsGoodForGroups"":""False"",""GoodForKids"":""True"",""BikeParking"":""False"",""RestaurantsTableService"":""False"",""Caters"":""False"",""BusinessAcceptsCreditCards"":""True"",""RestaurantsPriceRange2"":""1"",""HasTV"":""True"",""Ambience"":""{'romantic': False, 'intimate': False, 'classy': False, 'hipster': False, 'divey': False, 'touristy': False, 'trendy': False, 'upscale': False, 'casual': False}"",""BusinessParking"":""{'garage': False, 'street': False, 'validated': False, 'lot': False, 'valet': False}"",""RestaurantsDelivery"":""False""}","Salad, Sandwiches, Cafes, Soup, Restaurants","           ","           ","           ","           ","           ","           ","           ","Restaurants"
66,"GGwstV6vGSh3zxefGT-jbQ","Volare Pizzeria & Restaurant","17 W Butler Ave","Ambler","PA","19002",40.1535567,-75.2244156,4,20,false,"""RestaurantsGoodForGroups"":""True"",""GoodForKids"":""True"",""WiFi"":""u'no'"",""OutdoorSeating"":""False"",""HasTV"":""True"",""RestaurantsDelivery"":""False"",""RestaurantsPriceRange2"":""1"",""RestaurantsTakeOut"":""True"",""RestaurantsAttire"":""u'casual'"",""NoiseLevel"":""u'average'"",""BusinessAcceptsCreditCards"":""True"",""BusinessParking"":""{'garage': False, 'street': False, 'validated': False, 'lot': True, 'valet': False}"",""Ambience"":""{'romantic': False, 'intimate': False, 'classy': False, 'hipster': False, 'divey': False, 'touristy': False, 'trendy': False, 'upscale': False, 'casual': True}"",""BikeParking"":""True"",""Alcohol"":""u'none'"",""RestaurantsReservations"":""False""}","Pizza, Restaurants","           ","           ","           ","           ","           ","           ","           ","Restaurants"
67,"oA1NDj8Sv9uz0eyJrUdu6g","Vic Sushi","832 N Bethlehem Pike","Ambler","PA","19002",40.1808683416,-75.2256990114,4,153,true,"""Ambience"":""{'romantic': False, 'intimate': False, 'touristy': False, 'hipster': False, 'divey': False, 'classy': False, 'trendy': False, 'upscale': False, 'casual': True}"",""RestaurantsDelivery"":""False"",""RestaurantsPriceRange2"":""2"",""RestaurantsTakeOut"":""True"",""Alcohol"":""u'none'"",""BusinessParking"":""{'garage': False, 'street': False, 'validated': False, 'lot': True, 'valet': False}"",""NoiseLevel"":""u'average'"",""Caters"":""True"",""OutdoorSeating"":""False"",""GoodForKids"":""True"",""RestaurantsAttire"":""u'casual'"",""BusinessAcceptsCreditCards"":""True"",""RestaurantsReservations"":""False"",""WiFi"":""u'free'"",""BikeParking"":""True"",""HasTV"":""True"",""GoodForMeal"":""{'dessert': False, 'latenight': False, 'lunch': True, 'dinner': True, 'brunch': False, 'breakfast': False}"",""RestaurantsGoodForGroups"":""False"",""RestaurantsTableService"":""True""}","Japanese, Restaurants, Thai, Sushi Bars, Salad","           ","11:0-21:30 ","11:0-21:30 ","11:0-21:30 ","11:0-22:30 ","12:0-22:30 ","13:0-21:0  ","Restaurants"
68,"7o0aOwgNuq2J8v-UDz69Fw","Tommy D's","242 E Butler Ave","Ambler","PA","19002",40.1564384942,-75.2179468051,4,16,false,"""Caters"":""True"",""Ambience"":""{'touristy': False, 'hipster': False, 'romantic': False, 'divey': False, 'intimate': False, 'trendy': False, 'upscale': False, 'classy': False, 'casual': False}"",""Alcohol"":""'none'"",""GoodForMeal"":""{'dessert': False, 'latenight': False, 'lunch': False, 'dinner': False, 'brunch': False, 'breakfast': False}"",""RestaurantsDelivery"":""None"",""RestaurantsTakeOut"":""None"",""BusinessParking"":""{'garage': False, 'street': False, 'validated': False, 'lot': False, 'valet': False}""}","Restaurants, Cheesesteaks, American (Traditional), Sandwiches, Burgers","11:0-16:0  ","11:0-20:0  ","11:0-20:0  ","11:0-21:0  ","11:0-21:0  ","11:0-21:0  ","11:0-20:0  ","Restaurants"
69,"eUAaIuf6oa_gHnI2j0ep3Q","Pie and Plate Cafe","43 N Main St","Ambler","PA","19002",40.1549757,-75.2247744,4.5,164,true,"""BusinessParking"":""{'garage': False, 'street': True, 'validated': False, 'lot': False, 'valet': False}"",""RestaurantsReservations"":""False"",""Alcohol"":""u'none'"",""BusinessAcceptsCreditCards"":""True"",""Caters"":""True"",""RestaurantsTableService"":""False"",""RestaurantsAttire"":""u'casual'"",""RestaurantsGoodForGroups"":""True"",""WiFi"":""'free'"",""GoodForKids"":""True"",""RestaurantsTakeOut"":""True"",""GoodForMeal"":""{'dessert': True, 'latenight': False, 'lunch': True, 'dinner': False, 'brunch': True, 'breakfast': False}"",""OutdoorSeating"":""True"",""BikeParking"":""True"",""RestaurantsDelivery"":""True"",""RestaurantsPriceRange2"":""1"",""NoiseLevel"":""u'average'"",""HasTV"":""True"",""Ambience"":""{'touristy': False, 'hipster': False, 'romantic': False, 'divey': False, 'intimate': False, 'trendy': False, 'upscale': False, 'classy': True, 'casual': True}""}","Restaurants, Bakeries, Food, Comfort Food, Breakfast & Brunch, Sandwiches, Desserts, Coffee & Tea","           ","           ","           ","10:0-15:0  ","10:0-15:0  ","9:0-15:0   ","9:0-15:0   ","Restaurants"
70,"Jy3-BMdpLm-ST5nbsVeYHw","Backyard Beans Coffee - Ambler","22 E Butler Ave","Ambler","PA","19002",40.1538159,-75.2231803,5,11,true,"""BusinessAcceptsCreditCards"":""True"",""RestaurantsTakeOut"":""True"",""Caters"":""True"",""OutdoorSeating"":""False"",""RestaurantsPriceRange2"":""2"",""WheelchairAccessible"":""True"",""WiFi"":""u'free'"",""BusinessParking"":""{u'valet': False, u'garage': None, u'street': None, u'lot': None, u'validated': False}"",""RestaurantsDelivery"":""True""}","Food, Cafes, Restaurants, Coffee Roasteries, Coffee & Tea","0:0-0:0    ","7:0-15:0   ","7:0-15:0   ","7:0-15:0   ","8:0-16:0   ","8:0-16:0   ","8:0-16:0   ","Restaurants"
71,"K2KJKuC1J4U5WS6Y-9ZWRw","Wawa","740 North Bethlehem Pk","Ambler","PA","19002",40.1780853903,-75.2252225827,4,8,true,"""OutdoorSeating"":""False"",""GoodForKids"":""True"",""BusinessAcceptsCreditCards"":""True"",""RestaurantsPriceRange2"":""1"",""RestaurantsTakeOut"":""True"",""RestaurantsAttire"":""u'casual'"",""RestaurantsReservations"":""False"",""RestaurantsGoodForGroups"":""True"",""Ambience"":""{'romantic': False, 'intimate': False, 'classy': False, 'hipster': False, 'divey': False, 'touristy': False, 'trendy': False, 'upscale': False, 'casual': False}"",""Alcohol"":""u'none'"",""BusinessParking"":""{'garage': False, 'street': False, 'validated': False, 'lot': True, 'valet': False}"",""HasTV"":""True"",""Caters"":""False"",""WiFi"":""u'free'"",""BikeParking"":""False"",""NoiseLevel"":""u'average'"",""RestaurantsDelivery"":""True""}","Delis, Restaurants, Coffee & Tea, Sandwiches, Food","0:0-0:0    ","0:0-0:0    ","0:0-0:0    ","0:0-0:0    ","0:0-0:0    ","0:0-0:0    ","0:0-0:0    ","Restaurants"
72,"cCWoPtjDvx2SvwjYw5YAkg","Starbucks","655 E Welsh Rd","Ambler","PA","19002",40.1793842,-75.1812943,4,8,false,"""BusinessAcceptsCreditCards"":""True"",""WiFi"":""u'free'"",""RestaurantsPriceRange2"":""1"",""BusinessParking"":""{'garage': False, 'street': False, 'validated': False, 'lot': True, 'valet': False}"",""OutdoorSeating"":""False"",""BikeParking"":""True""}","Restaurants, Coffee & Tea, Food","5:30-21:0  ","5:30-21:0  ","5:30-21:0  ","5:30-21:0  ","5:30-21:0  ","6:0-21:0   ","6:30-21:0  ","Restaurants"
73,"3HTWEDoZjRm3kYxT1nZ6_w","El Cerrito Mexican Cuisine","9 N Main St","Ambler","PA","19002",40.1539682,-75.2240103,3.5,76,false,"""BikeParking"":""False"",""RestaurantsGoodForGroups"":""True"",""BusinessAcceptsBitcoin"":""False"",""Ambience"":""{'romantic': False, 'intimate': False, 'classy': False, 'hipster': False, 'divey': False, 'touristy': False, 'trendy': False, 'upscale': False, 'casual': True}"",""HasTV"":""True"",""RestaurantsPriceRange2"":""2"",""GoodForKids"":""True"",""Caters"":""True"",""RestaurantsAttire"":""u'casual'"",""RestaurantsReservations"":""True"",""GoodForMeal"":""{'dessert': False, 'latenight': False, 'lunch': True, 'dinner': True, 'brunch': False, 'breakfast': False}"",""Alcohol"":""u'none'"",""BusinessAcceptsCreditCards"":""True"",""BusinessParking"":""{'garage': False, 'street': True, 'validated': False, 'lot': False, 'valet': False}"",""OutdoorSeating"":""True"",""NoiseLevel"":""u'average'"",""RestaurantsDelivery"":""True"",""RestaurantsTableService"":""True"",""WiFi"":""u'no'"",""RestaurantsTakeOut"":""True""}","Mexican, Barbeque, Restaurants, Food","11:30-20:0 ","11:30-21:0 ","11:30-21:0 ","11:30-21:0 ","11:30-22:0 ","16:0-22:0  ","16:0-21:0  ","Restaurants"
74,"Aq75o21HuYgehMHaZiC8aw","Ambler Fireplace & Patio","903 E Butler Pike","Ambler","PA","19002",40.1597278,-75.2149738,3,19,true,"""BusinessAcceptsBitcoin"":""False"",""ByAppointmentOnly"":""False"",""RestaurantsPriceRange2"":""2"",""BusinessAcceptsCreditCards"":""True"",""BusinessParking"":""{'garage': False, 'street': False, 'validated': False, 'lot': False, 'valet': False}""}","Home & Garden, American (New), Furniture Stores, Restaurants, Shopping, Fireplace Services, Home Services","0:0-0:0    ","9:0-17:30  ","9:0-17:30  ","9:0-12:0   ","9:0-17:30  ","9:0-17:0   ","           ","Restaurants"
75,"IeeeUTW9nunyXvYmxh-q8g","555 Lagiola","10 E Butler Ave","Ambler","PA","19002",40.1537673,-75.223524,4,85,false,"""DogsAllowed"":""False"",""BusinessParking"":""{'garage': False, 'street': True, 'validated': False, 'lot': False, 'valet': False}"",""WiFi"":""u'no'"",""Ambience"":""{'touristy': False, 'hipster': False, 'romantic': False, 'divey': False, 'intimate': False, 'trendy': False, 'upscale': False, 'classy': False, 'casual': True}"",""NoiseLevel"":""u'average'"",""BikeParking"":""True"",""BusinessAcceptsCreditCards"":""True"",""Alcohol"":""u'none'"",""OutdoorSeating"":""False"",""RestaurantsReservations"":""True"",""RestaurantsPriceRange2"":""2"",""GoodForKids"":""False"",""RestaurantsTakeOut"":""True"",""Caters"":""True"",""WheelchairAccessible"":""True"",""HasTV"":""False"",""RestaurantsDelivery"":""False"",""RestaurantsGoodForGroups"":""True"",""RestaurantsAttire"":""'casual'"",""RestaurantsTableService"":""True"",""GoodForMeal"":""{'dessert': False, 'latenight': False, 'lunch': False, 'dinner': True, 'brunch': False, 'breakfast': False}"",""BusinessAcceptsBitcoin"":""False""}","Empanadas, Restaurants, Spanish, Specialty Food, Tapas/Small Plates, Food","0:0-0:0    ","17:0-22:0  ","17:0-22:0  ","17:0-22:0  ","17:0-22:0  ","17:0-22:0  ","17:0-22:0  ","Restaurants"
76,"0AthhX_KRegsRZ1YyWBB0A","Horsham","1146 Limekiln Pike","Ambler","PA","19002",40.2122644,-75.1854514,4.5,10,true,"""GoodForMeal"":""{'dessert': False, 'latenight': False, 'lunch': False, 'dinner': False, 'brunch': False, 'breakfast': False}"",""BusinessParking"":""{'garage': False, 'street': False, 'validated': False, 'lot': False, 'valet': False}""}","Restaurants, Sandwiches, Breakfast & Brunch, Delis, Burgers, Automotive, Gas Stations","5:0-22:0   ","5:0-22:0   ","5:0-22:0   ","5:0-22:0   ","5:0-22:0   ","6:0-22:0   ","6:0-22:0   ","Restaurants"
77,"AGCZGP160_UDhmeZqc4PUQ","Peking House Chinese Restaurant","1116 Horsham Rd, Ste 9","Ambler","PA","19002",40.211053,-75.183162,3,27,true,"""BikeParking"":""False"",""GoodForMeal"":""{'dessert': False, 'latenight': False, 'lunch': False, 'dinner': False, 'brunch': False, 'breakfast': False}"",""BusinessAcceptsCreditCards"":""True"",""RestaurantsDelivery"":""True"",""RestaurantsPriceRange2"":""2"",""RestaurantsTakeOut"":""True"",""GoodForKids"":""True"",""RestaurantsReservations"":""False"",""WiFi"":""u'free'"",""RestaurantsGoodForGroups"":""True"",""HasTV"":""True""}","Chinese, Ethnic Food, Szechuan, Specialty Food, Restaurants, Food","11:0-22:0  ","11:0-22:0  ","11:0-22:0  ","11:0-22:0  ","11:0-23:0  ","11:0-23:0  ","12:0-22:0  ","Restaurants"
78,"NQKFwhBp6ta12JGAq3ufkQ","From The Boot","110 E Butler Ave","Ambler","PA","19002",40.1548016,-75.2210187,3.5,195,true,"""RestaurantsPriceRange2"":""2"",""HasTV"":""True"",""Caters"":""True"",""RestaurantsReservations"":""True"",""RestaurantsGoodForGroups"":""True"",""BusinessParking"":""{'garage': False, 'street': True, 'validated': False, 'lot': False, 'valet': False}"",""GoodForKids"":""True"",""BusinessAcceptsCreditCards"":""True"",""WiFi"":""u'no'"",""BikeParking"":""True"",""RestaurantsAttire"":""u'casual'"",""Alcohol"":""u'full_bar'"",""Ambience"":""{'touristy': False, 'hipster': False, 'romantic': False, 'divey': False, 'intimate': False, 'trendy': False, 'upscale': False, 'classy': True, 'casual': False}"",""NoiseLevel"":""u'average'"",""GoodForMeal"":""{'dessert': False, 'latenight': False, 'lunch': False, 'dinner': True, 'brunch': False, 'breakfast': False}"",""RestaurantsDelivery"":""True"",""RestaurantsTakeOut"":""True"",""HappyHour"":""True"",""OutdoorSeating"":""True""}","Caterers, Event Planning & Services, Party & Event Planning, Pizza, Italian, Restaurants, Venues & Event Spaces","16:0-21:0  ","16:0-21:0  ","16:0-21:0  ","16:0-21:0  ","16:0-22:0  ","16:0-22:0  ","16:0-21:0  ","Restaurants"
79,"GDuKNXRe4xUh7gF9ld2yuw","Prospectville Publik House","1101 Horsham Rd","Ambler","PA","19002",40.2095799724,-75.182889998,4,11,false,"""Alcohol"":""u'full_bar'"",""WheelchairAccessible"":""True"",""HasTV"":""True"",""Ambience"":""{'touristy': False, 'hipster': False, 'romantic': False, 'divey': False, 'intimate': False, 'trendy': False, 'upscale': False, 'classy': False, 'casual': False}"",""BusinessParking"":""{'garage': False, 'street': False, 'validated': False, 'lot': True, 'valet': False}"",""RestaurantsTableService"":""True"",""RestaurantsTakeOut"":""True"",""WiFi"":""u'free'"",""RestaurantsReservations"":""False"",""GoodForKids"":""True"",""BusinessAcceptsCreditCards"":""True"",""RestaurantsDelivery"":""False"",""HappyHour"":""True""}","American (New), Restaurants, Beer Bar, Bars, Nightlife","           ","11:0-2:0   ","11:0-2:0   ","11:0-2:0   ","11:0-2:0   ","11:0-2:0   ","11:0-2:0   ","Restaurants"
80,"_DEm5k1aPrjGfYpwwhS1Sg","Mokja","9 N Main St","Ambler","PA","19002",40.1540709,-75.2240445,4,52,true,"""HasTV"":""True"",""OutdoorSeating"":""None"",""RestaurantsDelivery"":""True"",""RestaurantsTakeOut"":""True""}","Asian Fusion, Restaurants","           ","           ","17:0-21:0  ","17:0-21:0  ","17:0-22:0  ","12:0-22:0  ","15:0-19:0  ","Restaurants"
81,"mA9fr2tq7SuDmK8MqnIrVg","Tannery Run Brew Works","131 E Butler Ave","Ambler","PA","19002",40.155282,-75.221012,4,41,true,"""BikeParking"":""False"",""BusinessParking"":""{'garage': False, 'street': True, 'validated': False, 'lot': False, 'valet': False}"",""ByAppointmentOnly"":""False"",""RestaurantsTakeOut"":""True"",""Caters"":""False"",""DogsAllowed"":""False"",""BusinessAcceptsCreditCards"":""True"",""RestaurantsDelivery"":""True"",""GoodForKids"":""True"",""BusinessAcceptsBitcoin"":""False"",""HappyHour"":""True"",""WheelchairAccessible"":""True""}","Beer, Wine & Spirits, Food Delivery Services, Brewpubs, Food, Restaurants, Breweries","0:0-0:0    ","           ","16:0-22:0  ","16:0-22:0  ","16:0-23:0  ","12:0-23:0  ","13:0-20:0  ","Restaurants"
82,"jK88PXVmWIbj86nYO_MHlw","Planchette","95 E Butler Ave","Ambler","PA","19002",40.1547719,-75.2217773,4.5,7,true,"""RestaurantsDelivery"":""True"",""RestaurantsTakeOut"":""True""}","Creperies, Salad, Restaurants, French","           ","11:30-22:0 ","11:30-22:0 ","11:30-22:0 ","11:30-22:0 ","11:30-22:0 ","           ","Restaurants"
83,"YjLMWlHoBJHtYMLdFXfvVg","El Limon - Ambler","38 E Butler","Ambler","PA","19002",40.1541475214,-75.2226005889,4,457,true,"""NoiseLevel"":""u'average'"",""Caters"":""True"",""BikeParking"":""True"",""GoodForKids"":""True"",""Alcohol"":""u'none'"",""Ambience"":""{'romantic': False, 'intimate': False, 'touristy': False, 'hipster': False, 'divey': False, 'classy': False, 'trendy': False, 'upscale': False, 'casual': True}"",""BusinessAcceptsCreditCards"":""True"",""HasTV"":""True"",""RestaurantsTakeOut"":""True"",""GoodForMeal"":""{'dessert': False, 'latenight': None, 'lunch': True, 'dinner': True, 'brunch': False, 'breakfast': False}"",""RestaurantsPriceRange2"":""1"",""RestaurantsAttire"":""u'casual'"",""RestaurantsGoodForGroups"":""True"",""RestaurantsDelivery"":""True"",""WiFi"":""'free'"",""RestaurantsTableService"":""True"",""RestaurantsReservations"":""False"",""OutdoorSeating"":""True"",""BusinessParking"":""{'garage': False, 'street': True, 'validated': False, 'lot': True, 'valet': False}"",""DriveThru"":""False"",""DogsAllowed"":""False""}","Mexican, Restaurants, Salad, Sandwiches","0:0-0:0    ","10:30-22:0 ","10:30-22:0 ","10:30-22:0 ","10:30-22:0 ","10:30-22:0 ","10:30-21:45","Restaurants"
